customer_id,name,gender,age,city,signup_date
C00001,Jayan Grover,F,27,Bangalore,2025-10-13
C00002,Gatik Acharya,M,41,Kolkata,2025-11-03
C00003,Jayan Shanker,Other,33,Kolkata,2024-04-20
C00004,Miraya Seshadri,Other,20,Bangalore,2025-09-29
C00005,Kabir Sundaram,F,30,Chennai,2025-08-20
C00006,Miraya Majumdar,Other,39,Pune,2025-08-13
C00007,Jayant Mannan,M,33,Pune,2025-07-25
C00008,Prerak Rajagopalan,M,29,Bangalore,2024-06-16
C00009,Lagan Viswanathan,Other,25,Bangalore,2025-06-17
C00010,Drishya Ramanathan,Other,30,Delhi,2025-09-16
C00011,Hansh Dixit,F,18,Pune,2024-02-21
C00012,Baiju Bhagat,Other,30,Mumbai,2025-07-15
C00013,Parinaaz Vala,M,21,Bangalore,2024-02-02
C00014,Divyansh Rege,M,20,Chennai,2025-08-19
C00015,Siya Korpal,M,32,Mumbai,2023-11-11
C00016,Oorja Sule,Other,31,Mumbai,2024-08-11
C00017,Shaan Raman,Other,28,Bangalore,2025-07-21
C00018,Dhanush Atwal,M,29,Ahmedabad,2024-06-07
C00019,Drishya Bhagat,F,25,Ahmedabad,2025-02-05
C00020,Prisha Bajwa,Other,18,Pune,2025-02-16
C00021,Neelofar Kumar,Other,29,Pune,2024-07-26
C00022,Ahana  Sankar,M,34,Ahmedabad,2024-10-02
C00023,Kanav Agate,M,21,Ahmedabad,2024-12-20
C00024,Emir Kar,F,25,Chennai,2024-06-02
C00025,Rati Wable,F,28,Hyderabad,2024-11-13
C00026,Ahana  Sachdev,F,28,Bangalore,2023-12-28
C00027,Lakshay Bhagat,F,29,Ahmedabad,2024-09-23
C00028,Miraan Gala,F,30,Hyderabad,2025-01-02
C00029,Mannat Bains,M,22,Pune,2023-11-11
C00030,Alia Contractor,F,33,Bangalore,2024-07-07
C00031,Kanav Jayaraman,Other,26,Bangalore,2025-09-07
C00032,Kavya Sabharwal,Other,35,Kolkata,2024-10-03
C00033,Myra Saxena,F,31,Hyderabad,2024-06-02
C00034,Samarth Mand,F,32,Delhi,2025-04-15
C00035,Yakshit Toor,F,37,Ahmedabad,2024-07-30
C00036,Lakshay Kapoor,Other,33,Mumbai,2024-05-13
C00037,Rhea Aggarwal,M,36,Ahmedabad,2025-03-08
C00038,Yuvaan Kale,M,42,Pune,2024-12-10
C00039,Pranay Bawa,Other,20,Bangalore,2024-11-19
C00040,Taimur Kamdar,Other,24,Mumbai,2025-02-21
C00041,Faiyaz Saraf,M,25,Delhi,2025-01-31
C00042,Lakshit Chaudhari,Other,40,Ahmedabad,2025-06-21
C00043,Reyansh Chawla,F,29,Mumbai,2024-06-17
C00044,Rania Thakkar,F,24,Pune,2025-05-26
C00045,Eshani Chad,F,22,Kolkata,2024-01-12
C00046,Lavanya Tella,F,35,Pune,2024-06-30
C00047,Miraya Chana,Other,32,Hyderabad,2024-05-21
C00048,Nayantara Krish,Other,18,Pune,2024-03-24
C00049,Sana Ahluwalia,M,25,Pune,2024-05-17
C00050,Shamik Wable,M,18,Kolkata,2025-09-12
C00051,Alia Balay,F,36,Chennai,2025-09-27
C00052,Zoya Kapoor,Other,30,Mumbai,2025-07-28
C00053,Siya Ramakrishnan,F,28,Bangalore,2025-02-21
C00054,Dhanush Rastogi,Other,18,Mumbai,2023-11-10
C00055,Advik Varma,F,24,Chennai,2025-03-02
C00056,Ivan Kala,Other,34,Kolkata,2024-10-27
C00057,Shamik Sawhney,M,27,Bangalore,2024-02-26
C00058,Keya Loke,F,25,Kolkata,2024-09-17
C00059,Badal Krishnan,Other,43,Pune,2025-04-12
C00060,Myra Mall,M,18,Bangalore,2025-05-07
C00061,Shayak Suresh,Other,24,Kolkata,2024-12-21
C00062,Eva Lanka,Other,23,Pune,2025-03-06
C00063,Shlok Aggarwal,M,34,Pune,2025-09-19
C00064,Uthkarsh Chand,F,32,Mumbai,2025-10-06
C00065,Samarth Dani,M,29,Pune,2025-04-05
C00066,Anay Soni,F,21,Delhi,2025-04-26
C00067,Jiya Kashyap,M,32,Mumbai,2025-08-28
C00068,Alia Chokshi,M,18,Bangalore,2024-08-06
C00069,Himmat Gera,F,27,Bangalore,2025-10-13
C00070,Fateh Sampath,Other,25,Hyderabad,2024-01-21
C00071,Indrans Rattan,Other,36,Pune,2024-08-20
C00072,Oorja Thaker,Other,34,Mumbai,2023-11-17
C00073,Abram Sant,Other,34,Kolkata,2024-12-04
C00074,Pari Kanda,M,31,Mumbai,2024-10-10
C00075,Devansh Varkey,M,40,Mumbai,2024-04-11
C00076,Navya Goel,Other,36,Ahmedabad,2025-05-08
C00077,Nitara Maharaj,M,21,Kolkata,2024-07-18
C00078,Pari Sane,F,26,Delhi,2024-08-19
C00079,Rasha Vasa,F,34,Chennai,2024-03-30
C00080,Shlok Rajagopal,Other,31,Ahmedabad,2024-01-03
C00081,Sumer Saraf,M,29,Delhi,2025-03-07
C00082,Zoya Bora,F,32,Ahmedabad,2024-07-11
C00083,Divit Chopra,M,18,Pune,2025-10-08
C00084,Keya Saha,Other,33,Ahmedabad,2024-12-27
C00085,Riaan Ben,F,39,Chennai,2025-08-23
C00086,Divij Venkatesh,F,35,Kolkata,2025-01-24
C00087,Abram Das,M,51,Delhi,2025-09-22
C00088,Stuvan Ramesh,Other,33,Mumbai,2024-02-26
C00089,Oorja Bhatia,F,28,Hyderabad,2024-07-24
C00090,Mishti Kota,Other,42,Ahmedabad,2023-12-16
C00091,Eshani Ahuja,F,22,Bangalore,2025-07-30
C00092,Abram Shenoy,Other,26,Bangalore,2025-01-15
C00093,Vihaan Khurana,F,29,Bangalore,2024-11-12
C00094,Akarsh Chana,M,23,Chennai,2024-07-21
C00095,Himmat Venkatesh,F,35,Mumbai,2025-10-05
C00096,Alia Bedi,F,36,Bangalore,2025-08-13
C00097,Farhan Acharya,M,26,Ahmedabad,2024-08-20
C00098,Pari Walla,F,32,Hyderabad,2024-10-16
C00099,Aarna Virk,F,32,Hyderabad,2025-11-07
C00100,Neelofar Dar,F,32,Pune,2024-03-17
C00101,Sana Bir,M,27,Kolkata,2024-11-10
C00102,Parinaaz Mane,M,24,Pune,2025-08-29
C00103,Shalv Sarkar,M,41,Hyderabad,2024-05-20
C00104,Bhavin Thakur,F,24,Bangalore,2024-04-13
C00105,Veer Verma,Other,27,Pune,2024-01-01
C00106,Ayesha Apte,M,37,Mumbai,2025-10-01
C00107,Alisha Bava,M,29,Chennai,2024-12-22
C00108,Myra Gokhale,F,48,Mumbai,2023-12-21
C00109,Purab Swamy,Other,22,Ahmedabad,2024-06-20
C00110,Amira Yohannan,F,23,Hyderabad,2024-01-05
C00111,Ryan Kaur,M,28,Hyderabad,2025-04-20
C00112,Aarna Hans,F,36,Delhi,2025-07-14
C00113,Kaira Wadhwa,M,30,Kolkata,2025-09-21
C00114,Misha Raja,M,34,Chennai,2024-01-21
C00115,Raunak Suri,M,42,Chennai,2025-08-24
C00116,Jivin Hans,M,18,Hyderabad,2024-02-08
C00117,Shlok Hegde,M,18,Kolkata,2025-05-13
C00118,Kabir Andra,Other,24,Ahmedabad,2025-07-07
C00119,Shanaya Kanda,M,28,Bangalore,2024-01-23
C00120,Aayush Tripathi,F,19,Hyderabad,2025-07-11
C00121,Yuvaan Tiwari,Other,40,Delhi,2025-06-23
C00122,Ayesha Sur,Other,31,Mumbai,2024-01-22
C00123,Biju Sura,F,40,Kolkata,2025-03-26
C00124,Anvi Mall,M,29,Pune,2024-10-12
C00125,Shalv Kata,M,29,Kolkata,2024-04-30
C00126,Hunar Tella,M,21,Bangalore,2025-01-15
C00127,Vritika Tailor,Other,29,Pune,2025-03-08
C00128,Divyansh Aurora,M,39,Hyderabad,2024-07-10
C00129,Yasmin Vasa,F,34,Ahmedabad,2025-02-03
C00130,Samarth Karpe,M,35,Kolkata,2025-03-21
C00131,Kabir Venkataraman,F,26,Chennai,2025-03-31
C00132,Purab Sant,Other,22,Hyderabad,2024-01-06
C00133,Urvi Raj,F,25,Bangalore,2024-01-29
C00134,Samar Kulkarni,F,33,Delhi,2023-12-31
C00135,Shray Desai,Other,21,Bangalore,2024-09-21
C00136,Divyansh Sibal,Other,28,Pune,2024-05-06
C00137,Indrajit Rao,M,23,Hyderabad,2024-02-06
C00138,Adira Sane,F,22,Pune,2024-01-16
C00139,Baiju Virk,Other,36,Mumbai,2024-11-17
C00140,Nishith Rattan,Other,30,Ahmedabad,2024-08-18
C00141,Ayesha Ratta,Other,38,Ahmedabad,2024-01-30
C00142,Tiya Raval,Other,27,Mumbai,2025-03-19
C00143,Rasha Aurora,M,38,Bangalore,2025-05-15
C00144,Kismat Bhagat,Other,35,Ahmedabad,2024-05-04
C00145,Zara Roy,M,23,Chennai,2024-05-31
C00146,Reyansh Kanda,M,38,Hyderabad,2025-09-07
C00147,Saira Chaudhary,M,23,Hyderabad,2024-10-28
C00148,Vedika Choudhury,F,40,Chennai,2024-02-15
C00149,Anya Gokhale,Other,41,Kolkata,2024-09-08
C00150,Baiju Gara,Other,32,Ahmedabad,2024-02-07
C00151,Bhamini Chaudry,F,29,Hyderabad,2025-03-08
C00152,Seher Vaidya,Other,21,Delhi,2025-04-30
C00153,Alia Sani,F,47,Pune,2024-03-05
C00154,Advik Borra,M,18,Pune,2024-09-28
C00155,Riaan Dewan,F,19,Bangalore,2024-09-01
C00156,Gokul Gade,F,24,Kolkata,2024-07-24
C00157,Kanav Kant,F,33,Ahmedabad,2023-12-31
C00158,Lakshit Varty,F,18,Pune,2024-04-12
C00159,Zeeshan Kunda,M,23,Ahmedabad,2025-10-12
C00160,Samar Krishnan,Other,28,Ahmedabad,2024-06-02
C00161,Riya Bhalla,F,44,Chennai,2025-05-24
C00162,Anvi Kapoor,M,27,Kolkata,2024-07-21
C00163,Jivin Salvi,M,28,Kolkata,2024-07-06
C00164,Lavanya Bora,Other,40,Mumbai,2024-12-22
C00165,Darshit Varkey,Other,28,Chennai,2024-06-17
C00166,Biju Kale,F,18,Bangalore,2025-08-22
C00167,Ayesha Kant,M,33,Pune,2025-05-25
C00168,Kiaan Korpal,Other,18,Chennai,2024-06-19
C00169,Baiju Dhaliwal,F,30,Ahmedabad,2025-01-08
C00170,Trisha Tata,Other,37,Kolkata,2024-02-27
C00171,Hazel Bala,M,26,Ahmedabad,2025-03-27
C00172,Hansh Contractor,F,25,Ahmedabad,2024-04-24
C00173,Dharmajan Bahri,M,38,Pune,2025-06-22
C00174,Umang Bajwa,Other,29,Kolkata,2025-02-18
C00175,Mehul Srinivasan,F,26,Hyderabad,2023-12-25
C00176,Divit Guha,M,31,Kolkata,2025-07-01
C00177,Suhana Wali,F,42,Mumbai,2025-09-24
C00178,Kimaya Dixit,M,24,Mumbai,2024-12-15
C00179,Ryan Dada,Other,29,Ahmedabad,2025-06-06
C00180,Madhup Guha,M,18,Mumbai,2024-12-22
C00181,Pari Barad,M,39,Delhi,2025-10-06
C00182,Jivin Sengupta,Other,23,Pune,2024-04-06
C00183,Charvi Dara,F,32,Kolkata,2025-04-21
C00184,Nitya Kashyap,Other,43,Hyderabad,2024-12-29
C00185,Myra Vig,Other,31,Mumbai,2024-05-26
C00186,Anvi Bedi,Other,40,Ahmedabad,2024-08-17
C00187,Vivaan Venkataraman,F,38,Pune,2024-09-17
C00188,Saira Madan,F,33,Bangalore,2024-04-27
C00189,Zain Bhatnagar,Other,18,Mumbai,2025-10-03
C00190,Faiyaz Sehgal,Other,18,Pune,2024-06-06
C00191,Siya Sawhney,F,40,Pune,2025-05-28
C00192,Hiran Borah,Other,33,Chennai,2024-07-20
C00193,Lagan Varma,M,32,Bangalore,2025-04-21
C00194,Nirvi Kothari,M,26,Mumbai,2024-06-14
C00195,Diya Devi,F,26,Kolkata,2024-01-20
C00196,Miraya Dey,Other,28,Bangalore,2025-09-14
C00197,Jivika Samra,F,26,Chennai,2024-02-22
C00198,Madhup Saini,Other,32,Ahmedabad,2025-05-31
C00199,Misha Dave,M,35,Chennai,2023-12-17
C00200,Saanvi Khanna,Other,22,Ahmedabad,2025-09-06
C00201,Sumer Dasgupta,M,36,Bangalore,2024-06-24
C00202,Anika Mandal,M,30,Bangalore,2025-04-16
C00203,Diya Saraf,F,29,Mumbai,2025-01-06
C00204,Anvi Sen,Other,32,Ahmedabad,2024-01-20
C00205,Pari Toor,M,21,Pune,2023-12-15
C00206,Ela Kant,Other,24,Pune,2025-10-05
C00207,Kimaya Upadhyay,Other,18,Bangalore,2025-09-05
C00208,Vedika Mann,Other,32,Chennai,2024-08-25
C00209,Samarth Bhakta,F,29,Mumbai,2024-04-26
C00210,Shanaya Deshmukh,Other,28,Mumbai,2024-05-31
C00211,Trisha Chhabra,F,28,Delhi,2024-11-13
C00212,Taran Warrior,M,33,Delhi,2025-08-14
C00213,Vidur Karan,M,24,Delhi,2024-07-19
C00214,Aarush Som,F,31,Hyderabad,2025-01-01
C00215,Gokul Kapadia,F,38,Pune,2025-08-30
C00216,Tarini Savant,F,18,Mumbai,2025-10-28
C00217,Shlok Chokshi,Other,27,Bangalore,2023-11-11
C00218,Rohan Vala,M,23,Chennai,2025-09-24
C00219,Jayan Dugar,F,38,Ahmedabad,2024-10-15
C00220,Anahita Grover,Other,33,Kolkata,2024-10-15
C00221,Riaan Butala,F,35,Bangalore,2024-06-10
C00222,Samiha Chand,M,35,Pune,2024-03-16
C00223,Indrajit Deol,Other,43,Bangalore,2024-12-18
C00224,Riaan Deep,F,32,Ahmedabad,2023-12-18
C00225,Navya Ramesh,Other,23,Pune,2025-09-15
C00226,Adah Bir,M,33,Mumbai,2024-01-02
C00227,Ritvik Bath,M,26,Kolkata,2024-08-15
C00228,Aaryahi Dyal,Other,33,Hyderabad,2024-08-12
C00229,Jiya Sant,M,30,Mumbai,2024-05-11
C00230,Saksham Ghose,F,23,Mumbai,2024-06-05
C00231,Madhup Barad,M,28,Pune,2025-02-27
C00232,Purab Raju,Other,18,Delhi,2024-08-05
C00233,Elakshi D’Alia,F,27,Chennai,2025-11-01
C00234,Misha Deol,M,28,Chennai,2024-05-07
C00235,Yakshit Bala,M,19,Chennai,2024-06-30
C00236,Ivan Sama,M,26,Chennai,2024-04-10
C00237,Miraya Karan,Other,45,Bangalore,2024-10-19
C00238,Veer Tak,Other,34,Mumbai,2025-04-14
C00239,Drishya Sabharwal,Other,19,Mumbai,2024-05-01
C00240,Rania Bains,M,26,Pune,2024-07-11
C00241,Shanaya Kar,Other,21,Hyderabad,2025-06-19
C00242,Azad Gokhale,M,36,Bangalore,2025-01-02
C00243,Ahana  Kanda,M,23,Chennai,2024-08-27
C00244,Prerak Bala,Other,26,Delhi,2023-11-19
C00245,Zoya Tripathi,Other,37,Kolkata,2025-10-07
C00246,Riya Bhakta,Other,32,Hyderabad,2025-07-11
C00247,Samiha Balan,F,28,Chennai,2025-03-01
C00248,Ryan Raval,Other,30,Chennai,2024-05-17
C00249,Hunar Wason,F,24,Delhi,2024-06-02
C00250,Aayush Khosla,Other,42,Kolkata,2023-12-22
C00251,Drishya Gole,F,21,Ahmedabad,2024-04-13
C00252,Divyansh Thaman,M,33,Hyderabad,2024-01-08
C00253,Chirag Mani,M,34,Ahmedabad,2025-01-08
C00254,Kavya Kalita,F,43,Ahmedabad,2025-02-26
C00255,Parinaaz Lad,F,28,Delhi,2024-07-03
C00256,Sana Viswanathan,F,21,Mumbai,2024-06-30
C00257,Gatik Kumar,F,32,Pune,2025-09-10
C00258,Anahi Khare,Other,22,Pune,2023-12-28
C00259,Aarna Yogi,F,24,Mumbai,2024-12-21
C00260,Devansh Walia,F,19,Bangalore,2024-09-26
C00261,Yuvraj  Arya,F,23,Delhi,2025-03-07
C00262,Dhruv Mangal,F,28,Bangalore,2024-12-26
C00263,Aarav Aggarwal,F,21,Ahmedabad,2024-07-01
C00264,Gatik Bath,M,25,Mumbai,2024-08-10
C00265,Amani Majumdar,M,35,Hyderabad,2025-10-19
C00266,Azad Goswami,F,32,Kolkata,2025-03-05
C00267,Gokul Majumdar,Other,36,Kolkata,2025-02-10
C00268,Raunak Ranganathan,M,35,Mumbai,2025-08-26
C00269,Devansh Ratti,F,31,Pune,2024-08-04
C00270,Piya Savant,M,27,Mumbai,2024-12-29
C00271,Tiya Shroff,F,29,Ahmedabad,2024-07-05
C00272,Sara Shenoy,F,24,Chennai,2025-09-03
C00273,Shaan Ray,F,21,Hyderabad,2025-10-18
C00274,Neysa Kale,M,36,Kolkata,2023-11-09
C00275,Stuvan Kamdar,Other,35,Ahmedabad,2025-04-02
C00276,Vidur Tata,M,32,Delhi,2025-05-17
C00277,Gokul Dugar,Other,28,Pune,2024-04-08
C00278,Kartik Bains,M,31,Hyderabad,2025-09-17
C00279,Raghav Shah,F,37,Ahmedabad,2024-10-25
C00280,Prerak Shankar,Other,20,Ahmedabad,2024-11-14
C00281,Divit Mahajan,F,28,Hyderabad,2024-10-18
C00282,Nakul Vora,M,39,Kolkata,2024-12-13
C00283,Nehmat Kashyap,M,31,Chennai,2025-05-03
C00284,Ishita Majumdar,Other,36,Pune,2024-09-21
C00285,Raghav Agarwal,F,43,Pune,2024-09-07
C00286,Priyansh Trivedi,M,39,Kolkata,2025-01-21
C00287,Badal Sankaran,M,20,Delhi,2025-10-28
C00288,Shaan Bajwa,F,39,Chennai,2025-04-19
C00289,Gatik Khanna,M,33,Kolkata,2024-12-29
C00290,Anahi Dewan,Other,38,Ahmedabad,2024-01-02
C00291,Mamooty Zachariah,Other,18,Chennai,2025-08-08
C00292,Advika Behl,Other,35,Bangalore,2025-03-26
C00293,Shayak Wagle,M,32,Bangalore,2024-10-30
C00294,Aarna Sarin,F,33,Pune,2024-02-06
C00295,Chirag Baral,F,21,Pune,2023-11-17
C00296,Nirvaan Gokhale,M,32,Delhi,2025-05-06
C00297,Tarini Bali,Other,35,Kolkata,2023-12-02
C00298,Ivana Mammen,Other,42,Hyderabad,2024-08-14
C00299,Lakshit Saraf,M,33,Hyderabad,2025-10-08
C00300,Ritvik Hans,M,34,Pune,2024-08-22
C00301,Drishya Manne,F,30,Ahmedabad,2025-07-06
C00302,Vanya Hans,M,19,Mumbai,2024-02-05
C00303,Shalv Mani,F,35,Pune,2025-03-11
C00304,Kaira Madan,M,30,Kolkata,2025-07-21
C00305,Heer Bava,Other,41,Chennai,2025-10-26
C00306,Fateh Balan,Other,24,Pune,2024-02-27
C00307,Yashvi Kota,Other,34,Ahmedabad,2024-03-12
C00308,Vivaan Suri,Other,28,Chennai,2025-10-28
C00309,Aarush Borra,F,40,Hyderabad,2025-08-01
C00310,Shamik Bali,F,25,Pune,2024-07-30
C00311,Indranil Subramaniam,Other,31,Bangalore,2025-04-23
C00312,Purab Soman,F,28,Chennai,2025-01-31
C00313,Biju Thakur,Other,39,Hyderabad,2024-07-15
C00314,Khushi Ratti,Other,33,Ahmedabad,2024-10-06
C00315,Riya Yohannan,F,18,Delhi,2024-09-21
C00316,Dhanuk Barad,Other,22,Hyderabad,2025-02-19
C00317,Tiya Balan,Other,18,Ahmedabad,2023-11-24
C00318,Reyansh Jain,M,35,Kolkata,2024-01-05
C00319,Nitara Kurian,M,18,Delhi,2024-04-04
C00320,Nitara Salvi,M,34,Bangalore,2024-08-09
C00321,Oorja Hora,M,27,Hyderabad,2025-09-17
C00322,Khushi Rana,F,39,Pune,2025-01-26
C00323,Tara Iyer,F,22,Mumbai,2024-04-06
C00324,Dishani Sachar,F,26,Delhi,2024-05-19
C00325,Samarth Sami,F,31,Ahmedabad,2024-06-30
C00326,Hazel Goda,Other,21,Hyderabad,2025-04-04
C00327,Riaan Rau,Other,29,Mumbai,2024-09-02
C00328,Saira Mangal,Other,22,Delhi,2024-03-21
C00329,Samiha Rattan,Other,34,Pune,2025-10-28
C00330,Madhup Varma,Other,35,Ahmedabad,2025-01-03
C00331,Eva Shenoy,Other,38,Kolkata,2025-10-24
C00332,Tarini Batra,F,21,Mumbai,2025-10-15
C00333,Tejas Sunder,F,37,Pune,2024-10-27
C00334,Zaina Vaidya,Other,18,Pune,2025-03-27
C00335,Shayak Rout,Other,19,Chennai,2024-03-23
C00336,Aarush Tailor,Other,32,Ahmedabad,2025-10-01
C00337,Adira Sathe,M,19,Delhi,2025-04-27
C00338,Indranil Dhaliwal,F,39,Chennai,2024-08-29
C00339,Nayantara Subramanian,M,36,Chennai,2025-05-29
C00340,Jayesh Golla,F,47,Delhi,2024-08-16
C00341,Kabir Sachar,Other,26,Ahmedabad,2025-06-22
C00342,Tara Bhargava,F,34,Ahmedabad,2024-11-25
C00343,Arnav Sarna,F,30,Chennai,2025-09-17
C00344,Aaina Ben,F,29,Bangalore,2024-02-05
C00345,Saksham Amble,Other,41,Kolkata,2025-06-02
C00346,Anaya Ranganathan,F,27,Pune,2023-12-24
C00347,Dhanuk Verma,M,30,Chennai,2025-06-10
C00348,Ranbir Bala,M,34,Chennai,2024-08-11
C00349,Jivika Din,Other,37,Bangalore,2025-02-23
C00350,Mehul Ravi,F,24,Ahmedabad,2023-12-22
C00351,Miraya Tella,Other,38,Chennai,2025-05-17
C00352,Vaibhav Badal,Other,35,Ahmedabad,2024-07-04
C00353,Manjari Mann,M,30,Delhi,2023-12-29
C00354,Ivana Solanki,Other,27,Chennai,2024-06-17
C00355,Jiya Sundaram,Other,41,Chennai,2025-06-18
C00356,Sahil Rajagopalan,M,40,Bangalore,2025-09-18
C00357,Piya Date,Other,22,Delhi,2024-01-01
C00358,Kiara Borra,M,19,Hyderabad,2024-12-30
C00359,Lavanya Vala,Other,30,Delhi,2025-06-04
C00360,Kartik Sama,Other,20,Delhi,2025-05-30
C00361,Veer Tailor,M,24,Bangalore,2024-11-08
C00362,Hridaan Magar,F,20,Pune,2024-06-23
C00363,Vardaniya Keer,Other,37,Ahmedabad,2025-09-20
C00364,Raunak Seshadri,M,24,Mumbai,2025-09-02
C00365,Manikya Golla,M,27,Mumbai,2025-01-19
C00366,Alia Bakshi,F,35,Ahmedabad,2025-10-15
C00367,Charvi Sanghvi,F,39,Delhi,2025-09-07
C00368,Kabir Sahni,F,26,Pune,2024-04-23
C00369,Rhea Chaudhry,F,36,Hyderabad,2025-08-19
C00370,Rasha Srinivasan,M,37,Delhi,2024-01-09
C00371,Fateh Dhaliwal,Other,21,Hyderabad,2025-09-05
C00372,Diya Gulati,M,38,Kolkata,2025-09-16
C00373,Armaan Sarraf,M,35,Hyderabad,2024-09-05
C00374,Raghav Mann,F,21,Ahmedabad,2024-05-19
C00375,Dharmajan Taneja,M,32,Chennai,2025-10-19
C00376,Heer Issac,M,20,Hyderabad,2025-08-06
C00377,Hunar Varghese,F,25,Bangalore,2025-10-08
C00378,Shlok Shanker,F,27,Chennai,2025-10-22
C00379,Miraya Sengupta,F,37,Ahmedabad,2025-05-12
C00380,Fateh Krishnan,M,31,Ahmedabad,2024-09-19
C00381,Jhanvi Kale,F,33,Delhi,2024-02-13
C00382,Alisha Sane,M,25,Pune,2025-08-10
C00383,Rhea Tella,M,28,Ahmedabad,2024-06-23
C00384,Amira Dutt,Other,18,Chennai,2025-06-27
C00385,Eva Mann,Other,33,Mumbai,2025-09-10
C00386,Madhup Biswas,M,32,Pune,2024-12-24
C00387,Amani Sahota,F,37,Delhi,2025-09-20
C00388,Samar Boase,M,36,Kolkata,2024-03-29
C00389,Lakshay Sule,F,18,Pune,2024-06-05
C00390,Advik Din,M,24,Kolkata,2024-12-27
C00391,Divit Zacharia,Other,47,Bangalore,2024-10-19
C00392,Ranbir Anand,M,30,Mumbai,2025-04-18
C00393,Yakshit Sinha,F,41,Pune,2025-04-05
C00394,Divij Thakkar,M,30,Hyderabad,2024-09-14
C00395,Trisha Ganguly,F,27,Kolkata,2024-03-05
C00396,Madhup Rastogi,M,21,Ahmedabad,2024-01-13
C00397,Anay Savant,F,31,Pune,2024-12-20
C00398,Piya Deshmukh,F,26,Hyderabad,2024-09-06
C00399,Taran Singhal,F,36,Pune,2025-06-04
C00400,Mannat Sodhi,Other,39,Delhi,2024-12-28
C00401,Kaira Jani,M,22,Bangalore,2025-06-19
C00402,Farhan Kurian,F,23,Chennai,2025-03-08
C00403,Lakshay Sibal,M,30,Kolkata,2025-10-31
C00404,Hiran Talwar,Other,26,Chennai,2024-04-17
C00405,Bhavin Chopra,Other,29,Bangalore,2025-10-08
C00406,Biju Din,Other,30,Chennai,2024-01-09
C00407,Aaryahi Talwar,F,42,Delhi,2024-08-15
C00408,Raunak Chahal,M,35,Mumbai,2024-01-20
C00409,Elakshi Kala,F,41,Mumbai,2023-11-28
C00410,Pranay Shetty,F,22,Pune,2024-07-16
C00411,Azad Chandra,F,35,Ahmedabad,2023-12-04
C00412,Advik Ranganathan,Other,42,Delhi,2025-04-16
C00413,Kimaya Dash,M,29,Bangalore,2025-08-24
C00414,Yuvraj  Kaul,Other,30,Ahmedabad,2025-08-20
C00415,Kiara Mahajan,Other,27,Pune,2025-09-27
C00416,Alisha Sandal,M,32,Bangalore,2023-12-07
C00417,Devansh Ratta,M,18,Delhi,2024-02-15
C00418,Amira Tara,Other,34,Mumbai,2025-03-16
C00419,Shalv Banerjee,M,29,Pune,2025-02-07
C00420,Uthkarsh Rau,Other,18,Ahmedabad,2023-11-24
C00421,Jayesh Loyal,M,35,Delhi,2024-09-16
C00422,Fateh Rau,Other,40,Ahmedabad,2023-12-31
C00423,Chirag Sha,M,28,Ahmedabad,2024-03-14
C00424,Nirvaan Mall,M,30,Ahmedabad,2024-05-27
C00425,Madhup Krishnan,M,19,Kolkata,2024-12-14
C00426,Tiya Wable,F,20,Hyderabad,2024-12-20
C00427,Urvi Sani,Other,31,Ahmedabad,2025-03-29
C00428,Yasmin Deo,Other,18,Chennai,2024-12-17
C00429,Arnav Chakrabarti,Other,24,Hyderabad,2024-05-09
C00430,Manikya Bassi,F,19,Chennai,2024-05-09
C00431,Aayush Solanki,M,26,Delhi,2025-03-29
C00432,Tiya Upadhyay,Other,36,Bangalore,2025-01-03
C00433,Badal Bhakta,M,28,Kolkata,2024-04-01
C00434,Aarna Lanka,F,37,Bangalore,2024-02-23
C00435,Hunar Suri,Other,28,Hyderabad,2025-01-12
C00436,Hiran Sinha,M,36,Ahmedabad,2025-08-14
C00437,Pihu Sankaran,M,25,Chennai,2024-07-17
C00438,Nitya Golla,F,41,Mumbai,2024-09-18
C00439,Ryan Chandran,M,25,Kolkata,2023-11-27
C00440,Shamik Khurana,F,31,Kolkata,2025-01-20
C00441,Nirvi Varty,F,18,Kolkata,2024-12-31
C00442,Jayan Vasa,F,37,Bangalore,2024-11-04
C00443,Misha Dada,Other,18,Mumbai,2025-08-01
C00444,Shray Keer,Other,37,Pune,2025-08-26
C00445,Anahita Bhatti,M,25,Mumbai,2025-02-01
C00446,Kavya Toor,Other,20,Kolkata,2023-12-19
C00447,Samaira Kapur,Other,31,Mumbai,2024-09-08
C00448,Anay D’Alia,Other,22,Delhi,2024-02-24
C00449,Zoya Sood,M,35,Hyderabad,2025-05-19
C00450,Akarsh Sagar,F,26,Ahmedabad,2024-12-27
C00451,Jivika Banerjee,Other,29,Kolkata,2024-01-04
C00452,Yuvaan Sama,Other,27,Kolkata,2024-11-22
C00453,Veer Vig,M,18,Delhi,2025-05-24
C00454,Neysa Sidhu,F,32,Pune,2025-04-19
C00455,Dhanush Krish,M,26,Chennai,2024-09-28
C00456,Arnav Din,M,24,Bangalore,2025-03-11
C00457,Kiaan Luthra,M,28,Kolkata,2024-09-10
C00458,Siya Hayre,Other,44,Hyderabad,2025-10-01
C00459,Anay Chada,M,20,Delhi,2024-09-10
C00460,Sara Badami,M,18,Bangalore,2025-09-13
C00461,Priyansh Raj,Other,35,Hyderabad,2024-10-13
C00462,Vivaan Anand,F,25,Hyderabad,2025-04-21
C00463,Eshani Sarkar,M,24,Hyderabad,2024-06-15
C00464,Divij Luthra,F,24,Ahmedabad,2024-04-20
C00465,Nishith Ahluwalia,M,37,Delhi,2024-10-01
C00466,Chirag Dhaliwal,M,29,Mumbai,2024-08-10
C00467,Tanya Kannan,Other,23,Chennai,2025-06-29
C00468,Gokul Anne,M,30,Pune,2024-07-10
C00469,Prerak Bhardwaj,Other,32,Pune,2025-10-03
C00470,Arhaan Lal,M,27,Chennai,2025-11-07
C00471,Mahika Talwar,M,32,Delhi,2024-04-21
C00472,Advik Dutt,F,32,Chennai,2024-07-15
C00473,Miraya Saraf,F,18,Hyderabad,2023-11-20
C00474,Jayant Sodhi,Other,42,Mumbai,2024-04-10
C00475,Arhaan Upadhyay,Other,32,Kolkata,2024-03-16
C00476,Kartik Chacko,Other,18,Ahmedabad,2024-07-27
C00477,Tara Saha,M,37,Pune,2024-03-02
C00478,Armaan Manne,Other,43,Kolkata,2023-12-01
C00479,Mannat Shroff,Other,32,Pune,2023-12-06
C00480,Aaina Talwar,Other,28,Kolkata,2025-02-06
C00481,Shanaya Kumer,F,37,Mumbai,2025-04-03
C00482,Drishya Jha,F,27,Kolkata,2024-02-11
C00483,Prisha Borah,M,26,Ahmedabad,2025-10-12
C00484,Alia Guha,M,29,Delhi,2023-12-10
C00485,Zaina Deshpande,F,32,Mumbai,2024-10-10
C00486,Rati Lala,F,31,Hyderabad,2024-11-01
C00487,Mahika Johal,Other,32,Kolkata,2024-07-20
C00488,Akarsh Arora,F,18,Mumbai,2024-10-03
C00489,Hunar Saraf,F,25,Delhi,2025-08-28
C00490,Devansh Bala,F,38,Delhi,2025-08-14
C00491,Yuvraj  Dora,F,24,Bangalore,2024-10-25
C00492,Samiha Bandi,F,18,Pune,2024-03-10
C00493,Rhea Sant,M,45,Delhi,2025-10-18
C00494,Arhaan Shukla,M,45,Chennai,2024-02-28
C00495,Kiaan Bhat,F,40,Hyderabad,2024-08-01
C00496,Nishith Rege,M,29,Delhi,2024-09-18
C00497,Hridaan Mani,Other,34,Delhi,2024-03-21
C00498,Manikya Anne,F,23,Delhi,2025-07-02
C00499,Aarna Devi,F,26,Chennai,2025-03-28
C00500,Bhamini Kale,M,23,Delhi,2025-03-17
C00501,Himmat Bahl,M,35,Bangalore,2024-02-22
C00502,Mehul Dora,Other,56,Ahmedabad,2024-12-12
C00503,Kanav Kar,M,28,Delhi,2024-02-10
C00504,Sumer Tak,F,38,Delhi,2025-05-22
C00505,Lagan D’Alia,Other,39,Pune,2024-12-06
C00506,Misha Mane,F,32,Kolkata,2024-12-26
C00507,Stuvan Sarraf,F,35,Pune,2024-04-19
C00508,Anahita Borde,F,32,Chennai,2024-04-16
C00509,Bhavin Singhal,F,38,Ahmedabad,2025-05-23
C00510,Aaryahi Kar,F,18,Bangalore,2023-12-08
C00511,Nakul Mahajan,Other,32,Ahmedabad,2024-07-30
C00512,Advika Luthra,F,30,Delhi,2025-06-23
C00513,Priyansh Bhardwaj,F,29,Pune,2025-03-17
C00514,Mamooty Tiwari,F,24,Hyderabad,2024-05-23
C00515,Indranil Warrior,Other,41,Delhi,2024-07-12
C00516,Sana Rout,Other,31,Mumbai,2025-01-21
C00517,Oorja Bhandari,M,39,Chennai,2023-12-20
C00518,Ojas Sunder,Other,31,Kolkata,2025-10-09
C00519,Shayak Dua,F,39,Mumbai,2025-06-10
C00520,Jayan Zachariah,M,35,Pune,2025-10-11
C00521,Hrishita Dugar,M,28,Kolkata,2024-06-05
C00522,Advika Wali,Other,40,Delhi,2024-07-29
C00523,Advik Dora,F,35,Pune,2025-02-05
C00524,Aaina Golla,F,29,Ahmedabad,2024-11-29
C00525,Prisha Butala,Other,18,Ahmedabad,2025-01-07
C00526,Biju Bhat,F,35,Mumbai,2024-03-02
C00527,Biju Dhaliwal,Other,46,Pune,2024-04-06
C00528,Vaibhav Gade,M,36,Mumbai,2025-08-30
C00529,Jayant Arya,Other,32,Ahmedabad,2025-04-13
C00530,Ritvik Varty,M,24,Hyderabad,2025-07-05
C00531,Ryan Dani,Other,18,Hyderabad,2024-09-17
C00532,Lakshit Sankaran,M,37,Hyderabad,2024-02-22
C00533,Kashvi Singhal,M,32,Kolkata,2025-10-16
C00534,Nirvi Bhargava,M,20,Delhi,2025-03-17
C00535,Farhan Hayre,M,27,Mumbai,2025-07-17
C00536,Vihaan Gill,M,27,Delhi,2024-12-09
C00537,Seher Dey,Other,34,Ahmedabad,2025-09-17
C00538,Anika Suresh,F,30,Hyderabad,2025-07-02
C00539,Anaya Wason,Other,38,Ahmedabad,2024-09-18
C00540,Uthkarsh Loke,Other,45,Ahmedabad,2024-08-12
C00541,Nirvaan Kale,M,33,Hyderabad,2025-03-30
C00542,Saira Kapur,Other,18,Kolkata,2024-02-04
C00543,Ranbir Thakkar,M,36,Hyderabad,2024-02-17
C00544,Dhruv Kaur,Other,35,Chennai,2024-07-15
C00545,Shray Chauhan,Other,36,Chennai,2025-02-15
C00546,Jayant Wadhwa,M,42,Kolkata,2024-11-22
C00547,Chirag Talwar,M,39,Bangalore,2024-01-25
C00548,Riya Chandran,M,33,Mumbai,2025-07-13
C00549,Hiran Dora,M,18,Delhi,2024-12-05
C00550,Onkar Tara,Other,35,Chennai,2025-08-24
C00551,Akarsh Bhatti,F,37,Chennai,2024-05-31
C00552,Badal Malhotra,F,44,Bangalore,2025-06-26
C00553,Kartik Doshi,F,40,Kolkata,2025-06-29
C00554,Samarth Halder,F,40,Delhi,2024-09-15
C00555,Jiya Ganguly,Other,24,Delhi,2024-03-27
C00556,Hansh Sandhu,F,31,Bangalore,2025-02-08
C00557,Gokul Krishnan,Other,18,Hyderabad,2024-12-29
C00558,Aaryahi Shetty,M,22,Kolkata,2024-06-29
C00559,Ahana  Ramachandran,F,32,Kolkata,2025-05-03
C00560,Samaira Khatri,Other,27,Ahmedabad,2023-11-10
C00561,Anay Sachdeva,M,28,Hyderabad,2025-09-06
C00562,Nakul Sani,Other,42,Mumbai,2024-12-06
C00563,Samar Chokshi,M,18,Ahmedabad,2024-11-04
C00564,Damini Saran,F,37,Pune,2025-06-17
C00565,Ira Kumer,Other,43,Bangalore,2025-10-08
C00566,Rasha Sampath,Other,32,Hyderabad,2024-05-31
C00567,Anahi Bhavsar,M,31,Delhi,2024-03-13
C00568,Neysa Dugal,Other,37,Ahmedabad,2025-06-13
C00569,Oorja Dyal,F,32,Hyderabad,2025-07-18
C00570,Dhanush Gera,M,26,Chennai,2024-01-06
C00571,Armaan Devan,Other,41,Hyderabad,2024-09-14
C00572,Ojas Dara,M,18,Pune,2024-06-30
C00573,Advik Mani,M,26,Delhi,2024-07-28
C00574,Raunak Verma,Other,26,Mumbai,2024-01-31
C00575,Seher Arora,Other,28,Kolkata,2025-05-31
C00576,Samiha Reddy,M,27,Chennai,2024-05-19
C00577,Mamooty Iyengar,M,18,Delhi,2023-12-21
C00578,Inaaya  Dhawan,Other,37,Kolkata,2025-10-30
C00579,Sana Rattan,Other,36,Pune,2024-12-19
C00580,Myra Sandhu,F,26,Mumbai,2023-12-08
C00581,Saanvi Kala,Other,35,Bangalore,2025-08-23
C00582,Armaan Gade,Other,41,Pune,2025-09-17
C00583,Veer Chada,M,29,Bangalore,2025-10-25
C00584,Anahi Dash,F,36,Delhi,2025-05-10
C00585,Kabir Kumar,M,28,Pune,2025-08-29
C00586,Zaina Ram,Other,35,Kolkata,2024-09-01
C00587,Indranil Iyer,F,47,Hyderabad,2024-11-27
C00588,Vedika Wadhwa,Other,36,Chennai,2024-11-02
C00589,Kabir Dhingra,F,27,Ahmedabad,2024-08-13
C00590,Rania Swamy,M,30,Pune,2024-01-21
C00591,Suhana Kala,Other,25,Kolkata,2024-05-09
C00592,Anaya Badal,F,30,Mumbai,2024-02-02
C00593,Shamik Chahal,Other,25,Kolkata,2025-01-19
C00594,Ela Bora,M,29,Chennai,2023-12-26
C00595,Nitara Sekhon,M,18,Bangalore,2025-05-24
C00596,Hunar Sarraf,M,26,Chennai,2025-03-07
C00597,Alisha Khanna,M,29,Kolkata,2025-05-19
C00598,Keya Swaminathan,Other,42,Mumbai,2024-06-10
C00599,Nirvaan Randhawa,Other,37,Kolkata,2025-06-01
C00600,Ojas Samra,F,30,Pune,2025-08-10
C00601,Sara Sachdev,M,20,Bangalore,2024-02-18
C00602,Samarth Shanker,M,29,Chennai,2024-03-28
C00603,Himmat Sen,F,27,Pune,2025-03-14
C00604,Divit Sethi,F,24,Bangalore,2024-01-17
C00605,Chirag Banerjee,M,36,Bangalore,2025-02-26
C00606,Saksham Yohannan,M,25,Kolkata,2025-03-07
C00607,Rasha Chatterjee,F,28,Kolkata,2025-03-26
C00608,Devansh Desai,M,18,Hyderabad,2025-03-14
C00609,Kaira Rana,M,30,Pune,2024-10-24
C00610,Saanvi Dara,Other,37,Bangalore,2025-08-19
C00611,Rati Chakrabarti,Other,25,Pune,2024-02-25
C00612,Seher Comar,F,38,Hyderabad,2024-07-29
C00613,Nirvi Bhatti,F,37,Kolkata,2025-07-30
C00614,Dishani Chakrabarti,F,27,Bangalore,2024-06-20
C00615,Hunar Kade,Other,40,Delhi,2024-11-19
C00616,Jhanvi Wali,Other,39,Mumbai,2024-06-03
C00617,Saira Krishnamurthy,Other,35,Kolkata,2024-10-13
C00618,Reyansh Lalla,M,47,Mumbai,2025-08-25
C00619,Jayant Ramakrishnan,F,37,Chennai,2024-04-29
C00620,Aarush Gole,F,39,Ahmedabad,2025-11-04
C00621,Vardaniya Raman,M,29,Bangalore,2024-08-25
C00622,Indranil Brar,M,23,Kolkata,2025-10-28
C00623,Nirvaan Kanda,F,24,Kolkata,2024-02-08
C00624,Aaryahi Varkey,F,29,Ahmedabad,2025-08-27
C00625,Umang Devan,M,37,Pune,2024-01-17
C00626,Tanya Doshi,F,28,Delhi,2023-12-09
C00627,Pari Loke,Other,37,Ahmedabad,2024-05-17
C00628,Chirag Saxena,Other,18,Delhi,2025-05-15
C00629,Vivaan Varty,F,22,Bangalore,2024-09-03
C00630,Amani Dalal,M,25,Chennai,2025-10-11
C00631,Nitya Raman,M,23,Kolkata,2025-01-09
C00632,Chirag Sidhu,F,35,Kolkata,2024-07-08
C00633,Vanya Mane,F,29,Ahmedabad,2024-05-03
C00634,Ira Singhal,F,23,Kolkata,2025-09-10
C00635,Aaryahi Andra,Other,35,Mumbai,2025-04-19
C00636,Mamooty Varty,F,43,Pune,2023-12-21
C00637,Kiara Mangal,Other,35,Delhi,2025-01-12
C00638,Raunak Andra,F,25,Pune,2024-06-06
C00639,Amani Vohra,M,32,Kolkata,2024-10-06
C00640,Ojas Mammen,F,24,Chennai,2024-12-20
C00641,Anika Tandon,Other,36,Ahmedabad,2023-12-23
C00642,Mohanlal Barad,Other,31,Delhi,2024-12-08
C00643,Azad Gour,F,40,Kolkata,2025-03-20
C00644,Zara Bhasin,F,30,Kolkata,2025-10-18
C00645,Neelofar Jani,F,31,Bangalore,2024-11-27
C00646,Vidur Kohli,Other,18,Delhi,2025-08-22
C00647,Lakshit Srinivas,Other,18,Mumbai,2024-05-01
C00648,Aarna Kamdar,Other,32,Hyderabad,2023-11-29
C00649,Eshani Dada,Other,18,Ahmedabad,2025-01-01
C00650,Ritvik Dhaliwal,Other,23,Delhi,2025-02-14
C00651,Jayesh Sangha,F,33,Chennai,2024-06-07
C00652,Zaina Koshy,Other,27,Bangalore,2024-02-05
C00653,Aayush Raju,F,21,Ahmedabad,2025-01-26
C00654,Anahi Ghose,M,25,Chennai,2024-09-03
C00655,Samaira Majumdar,M,42,Chennai,2024-04-15
C00656,Indrajit Kar,Other,31,Mumbai,2025-11-01
C00657,Drishya Basu,Other,33,Kolkata,2024-06-12
C00658,Ira Sharma,F,30,Bangalore,2025-01-09
C00659,Zoya Verma,F,41,Ahmedabad,2024-04-17
C00660,Misha Swamy,Other,32,Kolkata,2024-08-29
C00661,Adira Tripathi,Other,34,Kolkata,2025-03-09
C00662,Zara Kibe,Other,18,Hyderabad,2024-03-08
C00663,Veer Chaudhary,F,29,Bangalore,2025-03-04
C00664,Dhanush Majumdar,M,28,Delhi,2025-04-26
C00665,Vivaan Dave,Other,21,Pune,2025-02-18
C00666,Alisha Sagar,M,18,Hyderabad,2025-09-08
C00667,Kanav Bora,Other,27,Kolkata,2025-03-17
C00668,Seher Mani,F,51,Kolkata,2024-05-30
C00669,Lakshit Sani,M,21,Hyderabad,2024-12-02
C00670,Advika Gupta,M,31,Chennai,2024-03-06
C00671,Suhana Singhal,M,29,Delhi,2023-12-17
C00672,Kaira Srinivasan,F,34,Pune,2024-04-26
C00673,Raunak Ganesan,F,45,Ahmedabad,2023-12-08
C00674,Oorja Bhatt,Other,18,Mumbai,2024-09-12
C00675,Miraan Comar,F,22,Hyderabad,2023-11-08
C00676,Mannat Desai,F,42,Bangalore,2025-04-20
C00677,Indrajit Gopal,F,33,Kolkata,2025-03-08
C00678,Trisha Edwin,M,26,Bangalore,2025-03-11
C00679,Madhup Mannan,Other,26,Mumbai,2024-07-06
C00680,Rohan Chandra,F,18,Chennai,2025-08-29
C00681,Aradhya Andra,F,32,Ahmedabad,2025-10-22
C00682,Anaya Dash,M,30,Ahmedabad,2024-04-14
C00683,Pari Rajagopalan,F,30,Ahmedabad,2024-11-05
C00684,Dhruv Amble,M,25,Ahmedabad,2025-04-29
C00685,Taimur Sahni,Other,31,Ahmedabad,2025-08-06
C00686,Shaan Samra,F,22,Bangalore,2025-02-06
C00687,Vedika Barad,F,25,Hyderabad,2024-07-21
C00688,Oorja Magar,Other,32,Bangalore,2024-05-09
C00689,Gatik Mangal,M,26,Pune,2025-06-18
C00690,Jivin Krishnamurthy,Other,30,Bangalore,2024-04-07
C00691,Rania Shenoy,Other,26,Mumbai,2023-12-29
C00692,Rhea Mand,Other,33,Delhi,2025-05-12
C00693,Nayantara Chaudhuri,Other,25,Mumbai,2024-11-05
C00694,Tanya Soman,Other,32,Mumbai,2024-01-07
C00695,Jiya Joshi,F,36,Kolkata,2025-04-26
C00696,Yuvaan Bhandari,F,29,Delhi,2025-02-01
C00697,Indrajit Garg,F,28,Mumbai,2024-10-03
C00698,Anahi Rattan,M,26,Kolkata,2025-04-11
C00699,Anahita Soman,F,28,Hyderabad,2025-10-07
C00700,Stuvan Kamdar,Other,41,Delhi,2024-09-25
C00701,Eshani Mangat,F,38,Kolkata,2024-12-12
C00702,Taran Taneja,F,34,Hyderabad,2025-08-02
C00703,Vivaan Dhingra,Other,26,Delhi,2023-12-31
C00704,Nishith Banerjee,M,40,Chennai,2024-02-22
C00705,Myra Khosla,Other,44,Bangalore,2024-07-03
C00706,Yashvi Soman,Other,18,Bangalore,2024-03-01
C00707,Kartik Dar,Other,29,Mumbai,2024-11-28
C00708,Mohanlal Vaidya,F,31,Pune,2024-04-21
C00709,Kiara Sidhu,M,26,Ahmedabad,2025-05-28
C00710,Arhaan Solanki,M,18,Chennai,2025-06-04
C00711,Mannat Sami,Other,23,Ahmedabad,2025-06-23
C00712,Indrans Borah,Other,41,Pune,2024-01-15
C00713,Samaira Rau,Other,22,Kolkata,2025-01-12
C00714,Jhanvi Soman,Other,24,Kolkata,2025-01-23
C00715,Emir Chandra,Other,31,Bangalore,2025-04-24
C00716,Suhana Hans,F,29,Pune,2023-11-15
C00717,Alia Ghose,F,25,Mumbai,2024-04-30
C00718,Piya Bala,Other,36,Chennai,2025-03-22
C00719,Manjari Amble,Other,35,Bangalore,2024-07-26
C00720,Fateh Dhar,Other,22,Mumbai,2024-09-28
C00721,Lakshit Raja,F,19,Bangalore,2023-11-15
C00722,Kiaan Mallick,M,33,Chennai,2025-07-14
C00723,Divij Kamdar,M,29,Mumbai,2025-07-04
C00724,Indranil Raja,F,33,Mumbai,2025-03-25
C00725,Dhruv Agrawal,Other,29,Kolkata,2024-02-04
C00726,Urvi Sharma,F,25,Mumbai,2025-05-14
C00727,Uthkarsh Loyal,Other,28,Kolkata,2024-09-28
C00728,Ishita Mannan,F,40,Mumbai,2024-08-17
C00729,Faiyaz Soni,F,24,Mumbai,2025-09-08
C00730,Ivana Srinivas,Other,28,Mumbai,2024-06-12
C00731,Urvi Bose,F,19,Chennai,2024-10-05
C00732,Lavanya Som,M,18,Mumbai,2024-01-14
C00733,Adah Bajaj,F,20,Ahmedabad,2024-02-09
C00734,Trisha Bora,Other,18,Hyderabad,2024-01-12
C00735,Hansh Bandi,F,20,Hyderabad,2024-02-27
C00736,Mehul Varty,F,33,Mumbai,2024-11-25
C00737,Lakshit Deol,M,35,Kolkata,2025-04-08
C00738,Suhana Bali,Other,20,Ahmedabad,2024-04-22
C00739,Samaira Kade,F,20,Ahmedabad,2024-08-12
C00740,Shaan Deshmukh,F,29,Ahmedabad,2024-05-29
C00741,Vaibhav Bhasin,F,48,Mumbai,2024-09-07
C00742,Vardaniya Ram,M,24,Hyderabad,2025-07-17
C00743,Eshani Bhatti,M,27,Chennai,2024-01-08
C00744,Navya Goyal,M,40,Chennai,2025-06-30
C00745,Samiha Arora,M,39,Chennai,2024-06-30
C00746,Damini Korpal,M,35,Ahmedabad,2024-07-27
C00747,Madhav Sangha,Other,38,Ahmedabad,2024-04-17
C00748,Zoya Sule,Other,39,Bangalore,2025-03-17
C00749,Anay Shukla,Other,25,Bangalore,2023-11-21
C00750,Bhavin Khurana,F,34,Pune,2025-05-04
C00751,Samar Chandran,Other,26,Hyderabad,2023-11-18
C00752,Jivin Ramaswamy,Other,23,Ahmedabad,2025-02-17
C00753,Raghav Dyal,Other,34,Delhi,2025-05-25
C00754,Nitara Majumdar,F,28,Bangalore,2024-01-13
C00755,Vardaniya Dutt,Other,28,Delhi,2024-06-08
C00756,Indrans Mander,F,39,Hyderabad,2024-02-08
C00757,Rhea Krishnamurthy,F,32,Chennai,2025-01-26
C00758,Mahika Srinivasan,F,28,Bangalore,2024-08-26
C00759,Manjari Desai,F,29,Bangalore,2024-04-01
C00760,Dhanuk Bassi,M,19,Delhi,2025-04-20
C00761,Aayush Sethi,Other,35,Pune,2025-02-14
C00762,Jhanvi Saraf,Other,28,Kolkata,2024-08-31
C00763,Suhana Ramaswamy,M,28,Mumbai,2024-01-02
C00764,Kabir Gaba,M,42,Delhi,2024-03-02
C00765,Aaryahi Batta,M,36,Pune,2024-10-09
C00766,Reyansh Din,Other,31,Chennai,2025-03-25
C00767,Hrishita Tailor,Other,33,Mumbai,2025-04-01
C00768,Pari Raval,F,38,Chennai,2025-10-21
C00769,Jayan Banerjee,F,28,Chennai,2025-11-01
C00770,Alisha Dass,Other,35,Bangalore,2024-07-27
C00771,Keya Rajagopal,M,21,Kolkata,2024-12-25
C00772,Gokul Dara,M,31,Chennai,2024-12-20
C00773,Aaina Dada,Other,18,Mumbai,2025-04-15
C00774,Divyansh Dutt,Other,31,Mumbai,2025-05-19
C00775,Trisha Sharma,M,40,Mumbai,2024-04-04
C00776,Eva Rana,Other,25,Pune,2025-06-26
C00777,Kavya Sundaram,M,30,Kolkata,2024-03-23
C00778,Tiya Doctor,F,24,Mumbai,2025-10-25
C00779,Kavya Varty,Other,31,Chennai,2024-01-24
C00780,Farhan Kanda,Other,21,Kolkata,2025-10-08
C00781,Rania Varty,F,21,Ahmedabad,2023-11-13
C00782,Diya Agarwal,M,33,Bangalore,2025-07-28
C00783,Tarini Sachdeva,F,22,Chennai,2025-10-21
C00784,Veer Gara,Other,42,Pune,2025-08-22
C00785,Yuvaan Datta,F,41,Ahmedabad,2023-12-08
C00786,Baiju Buch,F,22,Hyderabad,2024-11-12
C00787,Diya Desai,Other,48,Bangalore,2025-02-12
C00788,Kismat Dalal,Other,29,Ahmedabad,2024-10-11
C00789,Rania Chander,Other,30,Pune,2025-10-13
C00790,Saanvi Buch,M,36,Kolkata,2025-07-26
C00791,Ivan Dugar,M,41,Kolkata,2024-12-06
C00792,Hansh Walla,M,40,Ahmedabad,2024-01-18
C00793,Gatik Kannan,F,46,Pune,2024-05-11
C00794,Kashvi Bobal,F,33,Pune,2024-07-01
C00795,Myra Yogi,Other,33,Mumbai,2024-12-11
C00796,Rasha Dutt,Other,33,Ahmedabad,2024-02-22
C00797,Rania Das,F,31,Hyderabad,2023-12-06
C00798,Jayant Krishnan,M,18,Bangalore,2024-04-21
C00799,Nakul Subramanian,Other,18,Ahmedabad,2023-12-16
C00800,Aniruddh Ravel,M,22,Bangalore,2024-01-02
C00801,Mehul Gour,M,36,Ahmedabad,2025-08-07
C00802,Veer Banerjee,F,28,Hyderabad,2025-07-26
C00803,Nehmat Chaudry,F,21,Delhi,2023-12-15
C00804,Madhav Shetty,Other,39,Mumbai,2024-05-04
C00805,Hiran Gour,Other,25,Chennai,2025-06-21
C00806,Miraya Grover,M,18,Chennai,2024-09-09
C00807,Lakshit Sabharwal,M,20,Pune,2025-07-19
C00808,Shray Loke,F,25,Bangalore,2025-04-19
C00809,Anay Krishnan,F,23,Mumbai,2024-02-02
C00810,Zain Chandran,M,29,Kolkata,2024-06-01
C00811,Yakshit Sarkar,Other,32,Chennai,2024-10-10
C00812,Hansh Virk,Other,32,Delhi,2024-12-10
C00813,Hiran Khatri,F,28,Bangalore,2025-07-19
C00814,Advik Mandal,Other,37,Bangalore,2024-07-20
C00815,Nitya Agarwal,M,38,Delhi,2025-10-09
C00816,Divij Kade,F,34,Bangalore,2024-02-16
C00817,Lavanya Rajagopal,M,38,Delhi,2023-11-28
C00818,Zain Din,Other,18,Ahmedabad,2024-01-18
C00819,Urvi Brar,M,18,Hyderabad,2025-01-05
C00820,Adira Arya,Other,22,Pune,2024-07-20
C00821,Dhanush Ganguly,M,32,Kolkata,2024-08-31
C00822,Tushar Atwal,Other,37,Mumbai,2024-08-14
C00823,Saira Zachariah,F,21,Bangalore,2024-12-17
C00824,Shalv Salvi,M,33,Kolkata,2025-05-16
C00825,Shamik Srinivasan,M,37,Bangalore,2025-06-20
C00826,Armaan Walla,M,26,Pune,2024-07-20
C00827,Rhea Kothari,F,25,Chennai,2024-11-21
C00828,Lakshay Hayer,M,36,Kolkata,2025-10-09
C00829,Fateh Thakur,M,23,Mumbai,2023-12-17
C00830,Zoya Dugar,M,23,Hyderabad,2025-10-16
C00831,Renee Verma,Other,27,Mumbai,2024-05-06
C00832,Anvi Gaba,F,28,Pune,2024-04-14
C00833,Purab Boase,Other,26,Delhi,2025-04-11
C00834,Kavya Saraf,Other,18,Mumbai,2025-03-09
C00835,Dharmajan Lanka,F,30,Ahmedabad,2025-04-22
C00836,Eva Khare,M,41,Bangalore,2024-07-06
C00837,Amani Srivastava,M,28,Mumbai,2025-08-09
C00838,Arhaan Hegde,M,21,Kolkata,2025-06-29
C00839,Vihaan Sharma,F,35,Kolkata,2024-08-05
C00840,Kavya Rajagopalan,F,26,Mumbai,2023-11-19
C00841,Chirag Dubey,M,24,Chennai,2024-11-28
C00842,Baiju Sehgal,Other,37,Bangalore,2025-06-09
C00843,Darshit Sabharwal,M,26,Chennai,2025-08-24
C00844,Ishita Chand,Other,31,Hyderabad,2024-08-23
C00845,Akarsh Vasa,Other,38,Chennai,2024-08-21
C00846,Siya Saxena,M,30,Delhi,2024-12-05
C00847,Advika Sibal,Other,26,Kolkata,2024-11-17
C00848,Umang Rout,F,33,Hyderabad,2024-07-26
C00849,Zoya Sura,M,18,Ahmedabad,2024-11-11
C00850,Himmat Keer,F,36,Bangalore,2024-04-23
C00851,Divij Kalita,M,23,Ahmedabad,2024-10-30
C00852,Nakul Gandhi,Other,30,Bangalore,2025-09-13
C00853,Yuvraj  Wali,Other,30,Hyderabad,2025-11-02
C00854,Sana Jhaveri,F,32,Pune,2024-10-02
C00855,Taimur Anand,M,32,Kolkata,2024-02-10
C00856,Kartik Venkataraman,Other,23,Kolkata,2025-07-01
C00857,Lakshay Madan,F,25,Mumbai,2025-08-04
C00858,Sara Chaudry,F,23,Bangalore,2023-12-12
C00859,Jayesh Balay,M,26,Bangalore,2025-03-22
C00860,Tushar Chowdhury,M,18,Chennai,2025-04-20
C00861,Kanav Barad,M,18,Hyderabad,2024-04-11
C00862,Inaaya  Dora,M,33,Kolkata,2024-01-23
C00863,Taran Chahal,Other,41,Chennai,2024-06-01
C00864,Trisha Chaudry,Other,21,Kolkata,2024-08-15
C00865,Drishya Ghose,F,35,Kolkata,2025-10-07
C00866,Vidur Goel,M,19,Mumbai,2024-04-15
C00867,Fateh Gill,F,29,Bangalore,2025-03-17
C00868,Ritvik Karnik,F,34,Bangalore,2024-08-01
C00869,Manikya Atwal,Other,44,Delhi,2024-06-29
C00870,Prerak Anand,M,30,Pune,2024-08-09
C00871,Kabir Buch,F,20,Bangalore,2023-12-08
C00872,Fateh Shenoy,F,30,Kolkata,2025-10-25
C00873,Siya Divan,Other,31,Delhi,2025-09-28
C00874,Veer Kant,M,49,Delhi,2025-05-29
C00875,Zain Shan,M,48,Kolkata,2025-01-16
C00876,Samarth Bhattacharyya,M,35,Ahmedabad,2025-07-16
C00877,Mehul Datta,Other,25,Hyderabad,2025-03-04
C00878,Inaaya  Dhawan,F,31,Mumbai,2025-05-28
C00879,Devansh Yohannan,M,20,Hyderabad,2024-02-10
C00880,Reyansh Sibal,Other,23,Mumbai,2024-06-28
C00881,Kiara De,Other,39,Hyderabad,2025-03-19
C00882,Divyansh Kannan,M,37,Ahmedabad,2024-07-26
C00883,Raghav Bajaj,F,34,Chennai,2024-07-04
C00884,Umang Bath,M,26,Pune,2025-07-22
C00885,Lakshay Ramesh,M,18,Chennai,2023-12-03
C00886,Indrajit Salvi,Other,29,Bangalore,2025-11-04
C00887,Vaibhav Sood,M,21,Pune,2024-12-05
C00888,Pari Sane,F,22,Chennai,2024-08-31
C00889,Raunak Sodhi,Other,34,Bangalore,2024-01-29
C00890,Saanvi Thaman,F,49,Bangalore,2024-08-29
C00891,Nitya Venkatesh,F,29,Ahmedabad,2025-10-01
C00892,Vardaniya Sura,Other,31,Pune,2025-09-28
C00893,Mahika Jayaraman,M,21,Ahmedabad,2024-09-21
C00894,Divyansh Ratti,Other,23,Mumbai,2025-02-16
C00895,Dharmajan Chandran,F,29,Mumbai,2025-01-20
C00896,Reyansh Dayal,F,18,Bangalore,2025-05-24
C00897,Anika Ratta,Other,21,Bangalore,2024-08-23
C00898,Anaya Rau,M,34,Hyderabad,2023-12-27
C00899,Ishaan Hari,M,43,Hyderabad,2024-04-25
C00900,Pari Varty,M,33,Hyderabad,2025-04-06
C00901,Neelofar Barman,F,24,Pune,2024-02-04
C00902,Nayantara Bahri,F,20,Mumbai,2024-11-30
C00903,Ryan Lad,M,28,Hyderabad,2025-03-28
C00904,Jayan Gulati,Other,28,Kolkata,2023-11-20
C00905,Nehmat Kata,M,23,Pune,2025-04-12
C00906,Vritika Choudhury,M,36,Kolkata,2024-01-25
C00907,Tushar Dar,Other,19,Pune,2025-01-16
C00908,Priyansh Sem,F,24,Bangalore,2024-01-06
C00909,Samar Dhawan,Other,27,Pune,2024-12-09
C00910,Ryan Karnik,M,47,Hyderabad,2025-04-25
C00911,Arhaan Kar,M,37,Delhi,2025-05-13
C00912,Misha Bose,Other,33,Hyderabad,2024-05-08
C00913,Anvi Sinha,F,36,Bangalore,2025-03-20
C00914,Aarna Babu,F,31,Chennai,2025-03-16
C00915,Darshit Karpe,F,32,Pune,2024-07-31
C00916,Azad Gole,M,28,Ahmedabad,2024-12-31
C00917,Inaaya  Master,M,39,Pune,2024-05-01
C00918,Zain Lad,M,31,Chennai,2025-09-10
C00919,Darshit Srinivasan,Other,26,Chennai,2024-02-09
C00920,Bhavin Raj,Other,37,Delhi,2024-01-02
C00921,Manikya Sami,F,28,Pune,2024-09-05
C00922,Nakul Toor,Other,29,Ahmedabad,2024-10-31
C00923,Riaan Salvi,M,28,Delhi,2024-11-07
C00924,Onkar Ramachandran,M,42,Hyderabad,2023-11-09
C00925,Aarna Thaker,F,29,Hyderabad,2024-10-14
C00926,Azad Zachariah,M,31,Pune,2024-01-17
C00927,Aarna Mallick,Other,18,Hyderabad,2025-04-17
C00928,Aradhya Sathe,F,29,Hyderabad,2024-02-02
C00929,Navya Kade,Other,31,Kolkata,2024-11-27
C00930,Madhup Kumer,Other,41,Chennai,2025-11-01
C00931,Shlok Tella,M,35,Delhi,2024-05-22
C00932,Neelofar Vala,Other,29,Delhi,2024-10-22
C00933,Vaibhav Mannan,F,28,Ahmedabad,2024-07-07
C00934,Samar Chaudry,M,18,Mumbai,2023-11-10
C00935,Priyansh Bava,Other,24,Chennai,2025-08-06
C00936,Pranay Raju,M,30,Hyderabad,2024-04-16
C00937,Tejas De,M,18,Kolkata,2025-02-28
C00938,Mohanlal Mani,Other,32,Pune,2025-07-21
C00939,Adira Goswami,F,40,Bangalore,2025-01-26
C00940,Yuvraj  Comar,Other,40,Bangalore,2024-11-01
C00941,Anika Sehgal,Other,23,Mumbai,2025-01-14
C00942,Tanya Dubey,Other,42,Kolkata,2024-09-30
C00943,Eva Khalsa,M,28,Hyderabad,2024-01-29
C00944,Prisha Bhatnagar,F,22,Mumbai,2023-11-15
C00945,Charvi Sarkar,M,26,Chennai,2025-08-12
C00946,Ela D’Alia,F,30,Pune,2025-10-21
C00947,Arnav Taneja,F,18,Pune,2024-10-02
C00948,Gokul Roy,F,38,Ahmedabad,2024-02-06
C00949,Aarush Bhatt,F,18,Delhi,2024-06-16
C00950,Pari Borra,M,28,Delhi,2024-10-14
C00951,Vedika Kota,M,38,Bangalore,2025-11-06
C00952,Keya Kothari,M,29,Bangalore,2024-05-11
C00953,Tiya Golla,M,34,Ahmedabad,2025-07-09
C00954,Umang Mandal,F,40,Pune,2024-02-10
C00955,Indranil Butala,F,36,Bangalore,2024-01-02
C00956,Mahika Sanghvi,Other,32,Pune,2025-07-15
C00957,Parinaaz Ravi,M,52,Ahmedabad,2023-11-17
C00958,Kartik Konda,F,18,Ahmedabad,2024-01-12
C00959,Alisha Keer,F,33,Bangalore,2024-01-23
C00960,Vivaan Chawla,M,34,Mumbai,2025-04-01
C00961,Sahil Korpal,Other,18,Chennai,2024-12-09
C00962,Nirvi Sibal,Other,25,Hyderabad,2025-02-04
C00963,Riaan Bhatia,M,21,Pune,2025-08-11
C00964,Fateh Suri,M,30,Bangalore,2025-03-28
C00965,Jhanvi Som,Other,26,Delhi,2023-12-23
C00966,Neelofar Bhargava,F,45,Kolkata,2024-09-06
C00967,Ela Dhaliwal,Other,38,Hyderabad,2023-12-30
C00968,Himmat Aggarwal,Other,32,Chennai,2025-07-25
C00969,Alisha Mall,F,29,Mumbai,2025-03-24
C00970,Diya Amble,M,18,Kolkata,2024-05-30
C00971,Onkar Wadhwa,F,18,Delhi,2024-07-29
C00972,Arhaan Iyer,M,33,Ahmedabad,2025-01-16
C00973,Kiara Baria,M,31,Mumbai,2024-04-06
C00974,Vedika Chaudry,M,18,Hyderabad,2024-06-28
C00975,Ela Varma,M,34,Delhi,2025-03-17
C00976,Adah Contractor,M,26,Delhi,2025-07-30
C00977,Armaan Ahuja,F,21,Pune,2023-11-29
C00978,Ojas Shetty,Other,31,Bangalore,2025-04-07
C00979,Dhruv Kapur,Other,34,Chennai,2025-01-31
C00980,Yuvaan Singhal,M,24,Hyderabad,2025-08-13
C00981,Jiya Shukla,M,35,Delhi,2024-05-30
C00982,Dishani Venkatesh,Other,23,Ahmedabad,2024-11-26
C00983,Uthkarsh Dani,M,25,Bangalore,2025-06-13
C00984,Armaan Hans,F,18,Bangalore,2025-03-21
C00985,Urvi Ramachandran,M,32,Ahmedabad,2025-09-03
C00986,Adah Kant,M,18,Mumbai,2024-11-02
C00987,Miraan Shenoy,Other,22,Kolkata,2024-04-25
C00988,Saksham Badami,Other,25,Kolkata,2024-07-26
C00989,Jivika Bhasin,F,38,Hyderabad,2025-06-21
C00990,Vardaniya Sarna,F,25,Kolkata,2025-05-11
C00991,Madhup Bhattacharyya,M,39,Pune,2024-04-24
C00992,Vedika Sant,M,18,Mumbai,2024-12-06
C00993,Alisha Kumar,F,33,Chennai,2024-01-01
C00994,Kimaya Kapadia,F,36,Mumbai,2025-03-31
C00995,Umang Dhawan,M,29,Delhi,2024-05-16
C00996,Rania Apte,Other,38,Chennai,2024-03-11
C00997,Raghav Raju,F,27,Kolkata,2025-09-14
C00998,Neysa Jhaveri,Other,30,Ahmedabad,2025-10-19
C00999,Zara Wable,M,18,Bangalore,2024-03-29
C01000,Nishith Ravi,F,25,Kolkata,2025-01-08
C01001,Anika Kade,M,20,Kolkata,2024-11-29
C01002,Sana Bir,M,37,Delhi,2025-05-23
C01003,Ayesha Raja,Other,36,Hyderabad,2024-05-20
C01004,Yuvaan Mander,F,39,Pune,2024-06-09
C01005,Sahil Behl,F,18,Ahmedabad,2024-01-20
C01006,Pranay Deep,F,31,Pune,2024-03-29
C01007,Urvi Upadhyay,F,32,Chennai,2024-08-19
C01008,Riaan Vala,M,18,Hyderabad,2024-09-10
C01009,Prerak Rout,F,18,Delhi,2024-05-05
C01010,Fateh Gopal,M,47,Chennai,2024-03-07
C01011,Hrishita Sane,M,36,Ahmedabad,2024-03-20
C01012,Nishith Ray,Other,27,Pune,2023-11-26
C01013,Shalv Dutt,Other,38,Delhi,2025-01-03
C01014,Mishti Dave,M,20,Bangalore,2024-10-25
C01015,Dhanush Dyal,M,32,Delhi,2024-12-25
C01016,Faiyaz Bawa,F,35,Hyderabad,2025-08-02
C01017,Gatik Karpe,M,18,Kolkata,2025-04-14
C01018,Samiha Balasubramanian,F,22,Mumbai,2025-09-03
C01019,Kartik Bath,M,29,Delhi,2024-06-22
C01020,Sana Shankar,Other,39,Pune,2025-02-16
C01021,Oorja Shenoy,Other,43,Pune,2024-01-31
C01022,Manikya Hans,Other,42,Hyderabad,2025-06-27
C01023,Rohan Tiwari,Other,36,Pune,2024-09-11
C01024,Piya Kari,Other,30,Mumbai,2025-05-18
C01025,Vedika Ben,Other,52,Delhi,2024-07-30
C01026,Mannat Jhaveri,F,31,Chennai,2024-08-18
C01027,Samiha Kurian,M,34,Ahmedabad,2025-03-01
C01028,Kartik Basu,M,39,Bangalore,2025-09-29
C01029,Mannat Contractor,M,22,Delhi,2025-07-03
C01030,Zara Jaggi,Other,38,Delhi,2025-10-03
C01031,Nitara Dey,M,23,Ahmedabad,2024-12-17
C01032,Darshit Deshpande,M,37,Pune,2025-09-29
C01033,Baiju Warrior,Other,38,Delhi,2025-04-05
C01034,Anya Saran,M,35,Pune,2024-08-16
C01035,Eva Batta,Other,31,Mumbai,2023-11-20
C01036,Myra Subramanian,F,41,Hyderabad,2024-10-28
C01037,Anya Loke,M,18,Mumbai,2025-02-03
C01038,Shray Devi,Other,25,Mumbai,2025-10-12
C01039,Anaya Bakshi,M,23,Pune,2024-04-24
C01040,Shayak Sachdev,M,28,Pune,2025-06-09
C01041,Urvi Rana,Other,28,Kolkata,2025-02-23
C01042,Rati Joshi,Other,28,Bangalore,2025-10-11
C01043,Bhavin Swaminathan,F,50,Chennai,2024-01-05
C01044,Sara Sura,F,25,Mumbai,2025-04-05
C01045,Akarsh Dixit,M,28,Kolkata,2024-01-17
C01046,Tara Dasgupta,Other,45,Ahmedabad,2025-01-02
C01047,Krish Comar,Other,36,Pune,2024-03-25
C01048,Ira Mani,M,33,Pune,2024-04-30
C01049,Reyansh Master,M,41,Mumbai,2025-02-21
C01050,Faiyaz Dutta,F,22,Chennai,2024-01-27
C01051,Shanaya Tailor,Other,39,Chennai,2024-02-13
C01052,Kabir Gera,M,41,Mumbai,2024-06-08
C01053,Arnav De,Other,42,Hyderabad,2024-09-10
C01054,Pihu Bhalla,Other,34,Kolkata,2024-09-06
C01055,Anaya Krishnan,Other,26,Hyderabad,2025-05-17
C01056,Indrans Kapur,M,39,Pune,2024-10-24
C01057,Vardaniya Cherian,Other,20,Delhi,2024-02-08
C01058,Sahil Kapadia,Other,36,Bangalore,2024-11-13
C01059,Aaryahi Mangal,F,33,Mumbai,2025-10-03
C01060,Badal Varkey,F,32,Bangalore,2023-12-01
C01061,Himmat Subramaniam,M,29,Pune,2023-12-09
C01062,Arnav Lata,F,42,Mumbai,2024-07-12
C01063,Abram Ahuja,Other,34,Bangalore,2025-05-30
C01064,Nayantara Madan,Other,37,Pune,2024-01-15
C01065,Aaina Balan,F,30,Hyderabad,2024-09-14
C01066,Akarsh Vasa,F,39,Delhi,2024-07-01
C01067,Kismat Jain,M,27,Bangalore,2024-10-22
C01068,Miraya Choudhry,F,20,Chennai,2025-07-18
C01069,Hiran Dey,M,26,Hyderabad,2025-10-06
C01070,Zara Babu,M,25,Kolkata,2024-06-03
C01071,Aarush Sodhi,F,18,Kolkata,2025-02-01
C01072,Rati Behl,M,30,Kolkata,2025-05-23
C01073,Priyansh Deol,F,19,Kolkata,2025-01-21
C01074,Khushi Mander,F,27,Kolkata,2024-04-20
C01075,Vardaniya Hayre,M,30,Ahmedabad,2025-08-14
C01076,Heer Kanda,Other,24,Delhi,2025-07-19
C01077,Anaya Hora,M,31,Ahmedabad,2025-05-24
C01078,Amira Thaman,M,28,Hyderabad,2025-07-23
C01079,Shalv Saini,F,21,Hyderabad,2025-09-21
C01080,Aaryahi Sami,F,24,Chennai,2024-06-20
C01081,Adah Guha,M,35,Bangalore,2025-08-16
C01082,Shlok Gill,F,33,Mumbai,2025-07-06
C01083,Bhamini Lata,F,49,Mumbai,2025-02-08
C01084,Miraya Ratta,Other,24,Bangalore,2025-03-10
C01085,Zaina Sridhar,Other,28,Bangalore,2025-06-08
C01086,Amira Ramaswamy,F,24,Ahmedabad,2025-01-10
C01087,Kimaya Sundaram,Other,21,Hyderabad,2024-09-18
C01088,Vardaniya Ratti,F,24,Mumbai,2025-03-05
C01089,Biju Bir,Other,23,Kolkata,2025-09-30
C01090,Yuvaan Ghosh,M,31,Hyderabad,2024-06-06
C01091,Rania Mane,M,25,Pune,2025-03-13
C01092,Tara Shankar,M,26,Delhi,2025-01-13
C01093,Trisha Goel,F,24,Chennai,2025-03-28
C01094,Shanaya Arora,Other,24,Chennai,2025-09-30
C01095,Tiya Bala,F,28,Delhi,2025-09-07
C01096,Aaina Bali,M,48,Hyderabad,2025-06-09
C01097,Dhanuk Ramesh,F,33,Ahmedabad,2024-07-23
C01098,Elakshi Swaminathan,M,35,Hyderabad,2024-08-10
C01099,Nirvi Ramachandran,F,18,Hyderabad,2023-12-21
C01100,Shalv Dutt,F,29,Bangalore,2025-02-18
C01101,Ahana  Mannan,F,24,Ahmedabad,2024-10-27
C01102,Aaryahi Jha,M,32,Bangalore,2025-01-31
C01103,Reyansh Yadav,M,37,Delhi,2024-05-02
C01104,Kashvi Saraf,M,30,Chennai,2025-01-05
C01105,Tushar Bahri,M,28,Ahmedabad,2024-08-31
C01106,Samar Gaba,M,29,Chennai,2024-10-07
C01107,Mamooty Maharaj,F,27,Ahmedabad,2024-03-02
C01108,Pari Vig,F,18,Chennai,2025-09-21
C01109,Heer Choudhary,M,28,Kolkata,2024-03-27
C01110,Vihaan Bir,M,21,Pune,2024-11-25
C01111,Adah Chahal,F,18,Pune,2025-01-15
C01112,Aradhya Gupta,M,31,Ahmedabad,2025-05-21
C01113,Miraan Grewal,M,18,Chennai,2024-06-15
C01114,Aarav Ratta,F,30,Ahmedabad,2024-09-10
C01115,Bhamini Banerjee,F,24,Delhi,2025-08-20
C01116,Vivaan Krishnan,F,19,Hyderabad,2025-05-09
C01117,Jivin Chadha,M,35,Bangalore,2024-01-24
C01118,Renee Bhatia,M,34,Pune,2024-03-17
C01119,Dhruv Gade,Other,34,Kolkata,2024-04-24
C01120,Biju Bail,Other,26,Delhi,2024-11-04
C01121,Shalv Bandi,Other,21,Hyderabad,2023-11-20
C01122,Kabir Ramakrishnan,F,25,Kolkata,2024-10-12
C01123,Vivaan Yogi,Other,28,Ahmedabad,2024-04-23
C01124,Seher Balakrishnan,Other,18,Delhi,2024-11-20
C01125,Yashvi Krishna,F,33,Chennai,2025-07-08
C01126,Ivana Choudhary,M,41,Kolkata,2025-05-21
C01127,Shaan Wali,Other,27,Hyderabad,2024-08-04
C01128,Kanav Goswami,Other,29,Mumbai,2024-06-23
C01129,Neysa Ranganathan,M,44,Ahmedabad,2025-09-02
C01130,Hridaan Dugar,M,35,Mumbai,2024-05-19
C01131,Vivaan Chakrabarti,M,32,Delhi,2024-12-13
C01132,Uthkarsh Deol,M,25,Hyderabad,2025-07-11
C01133,Rohan Bhargava,F,38,Bangalore,2024-04-02
C01134,Nehmat Verma,Other,30,Kolkata,2024-02-22
C01135,Dhruv Vyas,M,32,Mumbai,2025-10-22
C01136,Nakul Bajaj,Other,18,Chennai,2024-04-21
C01137,Divyansh Deo,F,38,Bangalore,2024-10-07
C01138,Anvi Rana,M,31,Kolkata,2024-01-21
C01139,Nayantara Deep,Other,24,Kolkata,2024-10-04
C01140,Devansh Dewan,Other,37,Pune,2024-01-05
C01141,Hazel Deep,F,33,Ahmedabad,2025-01-08
C01142,Zoya Dhingra,M,37,Kolkata,2024-03-14
C01143,Jivika Khanna,M,24,Kolkata,2025-09-05
C01144,Samar Chada,M,25,Mumbai,2024-11-20
C01145,Madhup Kota,Other,26,Bangalore,2025-08-04
C01146,Ehsaan Salvi,M,23,Bangalore,2025-10-25
C01147,Aaryahi Kala,F,27,Pune,2025-09-28
C01148,Saira Date,F,36,Chennai,2024-11-25
C01149,Indrajit Srinivasan,F,23,Ahmedabad,2025-07-06
C01150,Veer Ratti,Other,32,Ahmedabad,2024-08-03
C01151,Kanav Gola,M,18,Mumbai,2024-04-23
C01152,Manjari Baral,F,33,Kolkata,2024-08-22
C01153,Amira Bumb,M,33,Kolkata,2023-11-30
C01154,Taran Thaker,M,26,Kolkata,2025-09-23
C01155,Arhaan Virk,F,25,Delhi,2025-07-12
C01156,Jivika Warrior,M,37,Ahmedabad,2024-12-08
C01157,Aayush Sekhon,F,20,Pune,2025-05-15
C01158,Yuvaan Bhat,M,43,Pune,2025-09-28
C01159,Vidur Din,F,29,Chennai,2025-04-23
C01160,Bhamini Sen,F,25,Ahmedabad,2025-04-26
C01161,Dharmajan Kulkarni,Other,18,Bangalore,2024-05-17
C01162,Hunar Krishnan,M,35,Mumbai,2024-10-03
C01163,Hansh Soni,F,30,Ahmedabad,2025-10-13
C01164,Manjari Warrior,F,35,Chennai,2023-11-11
C01165,Kartik Kapoor,Other,41,Kolkata,2025-02-27
C01166,Kimaya Garde,Other,23,Bangalore,2025-02-02
C01167,Riaan Sundaram,M,26,Ahmedabad,2024-11-24
C01168,Onkar Krishna,M,22,Kolkata,2025-08-24
C01169,Amani Sunder,Other,24,Ahmedabad,2025-01-24
C01170,Veer Kapoor,Other,38,Pune,2025-05-21
C01171,Taran Aggarwal,M,36,Mumbai,2024-07-06
C01172,Yuvaan Varty,M,30,Chennai,2025-05-28
C01173,Hiran Agrawal,Other,34,Kolkata,2024-07-31
C01174,Dhruv Raj,M,44,Hyderabad,2024-06-18
C01175,Samiha Mahal,M,26,Delhi,2024-07-16
C01176,Himmat Sarma,M,36,Hyderabad,2025-03-11
C01177,Miraya Tara,M,35,Hyderabad,2025-07-21
C01178,Jiya Bera,F,23,Hyderabad,2025-03-20
C01179,Urvi Seshadri,F,29,Delhi,2025-05-11
C01180,Azad Rattan,F,24,Pune,2024-08-08
C01181,Divij Kashyap,F,42,Kolkata,2024-03-12
C01182,Misha Kadakia,Other,20,Bangalore,2023-12-11
C01183,Renee Dass,Other,18,Hyderabad,2024-06-06
C01184,Hiran Bora,M,18,Pune,2024-12-05
C01185,Piya Sathe,F,25,Ahmedabad,2025-09-30
C01186,Sana Krishnan,M,32,Ahmedabad,2025-08-30
C01187,Stuvan Saini,Other,18,Pune,2025-01-20
C01188,Vihaan Bumb,F,31,Mumbai,2025-10-22
C01189,Renee Mani,F,32,Bangalore,2024-06-02
C01190,Taran Tailor,F,26,Hyderabad,2025-01-01
C01191,Prerak Mani,F,28,Hyderabad,2025-06-06
C01192,Taimur Ahuja,M,34,Delhi,2024-07-14
C01193,Neysa Goyal,M,32,Delhi,2024-09-05
C01194,Reyansh Doctor,Other,31,Delhi,2024-08-07
C01195,Abram Ratta,F,18,Kolkata,2025-02-02
C01196,Pari Joshi,Other,25,Hyderabad,2025-10-21
C01197,Vritika Thakkar,Other,20,Hyderabad,2024-09-18
C01198,Piya Rege,F,34,Mumbai,2024-11-29
C01199,Siya Comar,Other,26,Mumbai,2024-12-26
C01200,Uthkarsh Chahal,Other,41,Hyderabad,2025-04-08
C01201,Rohan Subramaniam,M,39,Chennai,2025-03-07
C01202,Madhup Tank,Other,40,Chennai,2023-12-02
C01203,Yakshit Khurana,Other,27,Chennai,2025-09-05
C01204,Tarini Sen,F,24,Kolkata,2024-11-02
C01205,Alisha Wali,F,27,Ahmedabad,2025-07-04
C01206,Tanya Trivedi,F,37,Delhi,2025-06-08
C01207,Kimaya Boase,F,39,Chennai,2025-05-28
C01208,Vanya Badal,Other,27,Kolkata,2025-04-19
C01209,Zara Devi,Other,39,Bangalore,2025-01-24
C01210,Kartik Konda,M,28,Pune,2024-02-12
C01211,Adah Mand,Other,31,Chennai,2025-05-14
C01212,Riaan Bansal,F,26,Bangalore,2024-06-25
C01213,Samiha Kumar,F,46,Bangalore,2023-12-24
C01214,Navya Chauhan,F,44,Chennai,2023-11-26
C01215,Khushi Lad,Other,36,Pune,2024-08-14
C01216,Lakshay Shetty,F,28,Chennai,2024-10-21
C01217,Kismat Bedi,Other,18,Chennai,2025-04-18
C01218,Dhruv Kala,M,30,Mumbai,2025-01-01
C01219,Dishani Lalla,Other,34,Delhi,2025-02-27
C01220,Sana Kohli,M,18,Kolkata,2023-12-06
C01221,Badal Viswanathan,Other,44,Pune,2024-09-14
C01222,Kashvi Swamy,Other,41,Mumbai,2024-02-26
C01223,Yakshit Talwar,Other,22,Hyderabad,2023-12-06
C01224,Samarth Raja,Other,31,Ahmedabad,2024-04-19
C01225,Raunak Ramakrishnan,F,31,Chennai,2025-01-17
C01226,Yuvaan Sandal,F,29,Kolkata,2025-05-06
C01227,Navya Contractor,F,32,Hyderabad,2024-08-30
C01228,Vidur Chhabra,Other,24,Delhi,2024-07-07
C01229,Seher Gulati,F,29,Delhi,2024-02-22
C01230,Piya Dyal,Other,31,Ahmedabad,2024-02-12
C01231,Kashvi Chakraborty,Other,25,Pune,2023-12-28
C01232,Lakshay Bhatti,Other,35,Chennai,2024-10-09
C01233,Stuvan Vig,M,30,Mumbai,2025-01-30
C01234,Badal Dhingra,F,26,Bangalore,2025-02-07
C01235,Mamooty Sani,F,22,Mumbai,2025-02-08
C01236,Misha Bali,Other,35,Chennai,2024-11-09
C01237,Vivaan Chaudhari,Other,30,Mumbai,2025-04-01
C01238,Shalv Kakar,Other,23,Pune,2024-12-09
C01239,Hunar Sidhu,Other,27,Bangalore,2025-02-02
C01240,Zain Venkatesh,M,27,Pune,2023-12-29
C01241,Aaryahi Kulkarni,M,36,Chennai,2024-06-15
C01242,Trisha Comar,F,42,Pune,2024-03-08
C01243,Parinaaz Choudhry,F,28,Chennai,2024-11-02
C01244,Samiha Chaudhary,Other,32,Chennai,2024-08-26
C01245,Rohan De,F,35,Bangalore,2024-08-30
C01246,Hunar Dalal,F,20,Hyderabad,2025-02-18
C01247,Pihu Chhabra,Other,30,Bangalore,2024-07-03
C01248,Veer Garde,F,33,Delhi,2025-09-16
C01249,Nirvaan Kamdar,Other,34,Bangalore,2025-08-16
C01250,Himmat Rajagopalan,Other,27,Kolkata,2024-07-11
C01251,Mehul Sha,Other,19,Chennai,2025-11-02
C01252,Nirvaan Dube,F,33,Hyderabad,2024-01-26
C01253,Romil Tak,M,31,Mumbai,2025-01-31
C01254,Umang Khurana,M,36,Pune,2024-02-09
C01255,Anvi Hegde,F,18,Ahmedabad,2024-03-31
C01256,Mishti Chokshi,M,30,Pune,2025-06-28
C01257,Raunak Thakkar,Other,27,Mumbai,2025-05-22
C01258,Yuvaan Kadakia,M,26,Ahmedabad,2025-02-24
C01259,Mishti Saran,F,20,Mumbai,2025-02-06
C01260,Dishani Srivastava,F,22,Hyderabad,2024-08-12
C01261,Himmat Viswanathan,M,31,Ahmedabad,2025-04-04
C01262,Dhruv Loke,F,24,Delhi,2024-08-07
C01263,Lakshit Comar,M,22,Mumbai,2025-06-09
C01264,Aradhya Sawhney,F,29,Bangalore,2023-12-11
C01265,Abram Bera,M,23,Kolkata,2024-08-23
C01266,Rasha Yohannan,Other,29,Kolkata,2024-02-22
C01267,Samar Shan,F,29,Kolkata,2025-01-14
C01268,Lakshit Halder,F,31,Kolkata,2024-04-25
C01269,Devansh Chand,M,22,Hyderabad,2024-02-12
C01270,Vedika Shroff,Other,36,Delhi,2025-07-16
C01271,Vritika Seth,Other,36,Pune,2024-02-05
C01272,Manjari Ganesh,M,29,Pune,2024-08-02
C01273,Manjari Jayaraman,Other,32,Delhi,2024-08-06
C01274,Sara Bahl,M,33,Hyderabad,2025-09-07
C01275,Ishita Chana,Other,34,Delhi,2025-04-19
C01276,Hunar Bakshi,M,34,Pune,2025-06-13
C01277,Jayesh Bansal,F,33,Mumbai,2025-08-04
C01278,Neelofar Char,M,32,Kolkata,2024-09-16
C01279,Taimur Handa,Other,33,Chennai,2024-01-25
C01280,Myra Karan,M,18,Bangalore,2024-12-26
C01281,Prisha Chawla,M,20,Chennai,2025-08-02
C01282,Yakshit Chaudhari,F,34,Ahmedabad,2025-06-25
C01283,Oorja Balan,Other,21,Pune,2024-01-02
C01284,Darshit Bose,F,30,Mumbai,2025-02-15
C01285,Miraan Shukla,F,23,Ahmedabad,2025-01-07
C01286,Chirag Ghose,F,31,Delhi,2024-01-02
C01287,Jayant Badal,M,18,Kolkata,2023-11-19
C01288,Darshit Kannan,M,32,Delhi,2024-10-23
C01289,Charvi Bakshi,M,28,Mumbai,2024-11-14
C01290,Hridaan Khare,M,22,Hyderabad,2024-02-03
C01291,Piya Dave,Other,37,Mumbai,2024-04-16
C01292,Divit Dua,M,43,Pune,2024-12-29
C01293,Aarna Vaidya,Other,18,Hyderabad,2024-11-15
C01294,Tiya Sama,F,24,Chennai,2024-06-11
C01295,Shlok Keer,Other,18,Hyderabad,2025-10-27
C01296,Suhana Chada,Other,18,Hyderabad,2024-12-28
C01297,Myra Jani,Other,30,Bangalore,2024-09-17
C01298,Divyansh Bath,Other,21,Hyderabad,2024-08-17
C01299,Arhaan Sen,M,21,Bangalore,2024-12-21
C01300,Jayan Bhandari,F,23,Ahmedabad,2024-02-28
C01301,Taimur Bhasin,F,29,Bangalore,2024-12-30
C01302,Mannat Suresh,Other,38,Chennai,2024-05-18
C01303,Nitara Rao,F,32,Mumbai,2025-07-05
C01304,Navya Shenoy,M,32,Hyderabad,2025-08-31
C01305,Ahana  Chokshi,F,23,Kolkata,2024-11-19
C01306,Lavanya Vaidya,Other,37,Bangalore,2024-02-28
C01307,Shayak Raj,Other,38,Chennai,2024-10-31
C01308,Lavanya Kala,Other,36,Mumbai,2024-11-29
C01309,Siya Rajagopal,F,23,Bangalore,2025-06-17
C01310,Tanya Dubey,Other,36,Bangalore,2024-07-14
C01311,Arhaan Shere,F,39,Bangalore,2024-02-03
C01312,Badal Bhakta,M,36,Ahmedabad,2025-04-02
C01313,Dishani Aurora,M,28,Delhi,2024-04-25
C01314,Rati Mall,F,23,Delhi,2024-08-04
C01315,Armaan Bhakta,F,31,Kolkata,2024-02-21
C01316,Kismat Din,F,25,Mumbai,2025-02-15
C01317,Nirvi Wadhwa,M,18,Ahmedabad,2024-04-19
C01318,Manikya Dixit,M,24,Ahmedabad,2024-04-04
C01319,Dhanush Khanna,F,32,Delhi,2024-02-29
C01320,Rhea Keer,M,33,Hyderabad,2024-01-13
C01321,Yashvi Gaba,Other,42,Bangalore,2024-03-18
C01322,Nehmat Barad,M,40,Ahmedabad,2025-02-20
C01323,Ivana Bala,M,33,Bangalore,2025-08-28
C01324,Sumer Datta,Other,23,Bangalore,2025-02-28
C01325,Kimaya Wali,Other,30,Bangalore,2024-02-10
C01326,Nishith Jha,F,26,Delhi,2024-04-22
C01327,Lagan Raman,F,18,Chennai,2023-12-02
C01328,Dishani Gokhale,F,51,Ahmedabad,2024-05-15
C01329,Drishya Chahal,M,21,Bangalore,2024-09-14
C01330,Ishaan Chandran,M,18,Hyderabad,2025-04-08
C01331,Devansh Gopal,F,18,Pune,2024-04-29
C01332,Indrans Tank,Other,28,Pune,2025-08-27
C01333,Yasmin Kohli,F,37,Bangalore,2025-07-22
C01334,Saksham Tailor,M,24,Hyderabad,2025-09-16
C01335,Nayantara Borra,M,34,Mumbai,2024-09-03
C01336,Azad Deshmukh,Other,32,Mumbai,2025-08-18
C01337,Aarna Chawla,F,27,Pune,2024-04-24
C01338,Navya Gulati,F,21,Chennai,2023-12-01
C01339,Eshani Halder,Other,36,Bangalore,2025-03-19
C01340,Mamooty Bansal,F,31,Pune,2025-06-20
C01341,Madhav Chaudhuri,M,29,Bangalore,2024-07-01
C01342,Nehmat Sengupta,F,39,Kolkata,2025-01-09
C01343,Samaira Verma,F,32,Chennai,2025-06-23
C01344,Kartik Dewan,F,23,Ahmedabad,2025-06-23
C01345,Taran Kala,F,38,Mumbai,2025-04-05
C01346,Miraan Grover,M,40,Mumbai,2024-11-15
C01347,Ira Sem,Other,33,Hyderabad,2025-01-22
C01348,Ayesha Desai,M,28,Bangalore,2024-07-18
C01349,Raghav Jani,F,43,Ahmedabad,2024-04-08
C01350,Ivan Hayer,Other,42,Ahmedabad,2024-01-26
C01351,Uthkarsh Chawla,M,33,Kolkata,2024-10-25
C01352,Eva Bhandari,F,19,Hyderabad,2024-02-13
C01353,Lakshay Dass,Other,24,Mumbai,2025-10-09
C01354,Prerak Sarma,F,48,Ahmedabad,2023-12-20
C01355,Mamooty Arora,M,24,Kolkata,2025-10-20
C01356,Madhup Loyal,F,39,Hyderabad,2025-06-04
C01357,Advika Baral,M,21,Chennai,2024-12-12
C01358,Diya Dhaliwal,Other,24,Pune,2025-04-02
C01359,Zaina Madan,M,25,Delhi,2024-03-18
C01360,Divij Char,Other,34,Pune,2025-04-05
C01361,Umang Joshi,Other,32,Bangalore,2024-09-08
C01362,Charvi Bahl,F,51,Delhi,2024-11-16
C01363,Jivika Kannan,F,18,Pune,2025-10-17
C01364,Aaina Dasgupta,Other,18,Kolkata,2025-01-05
C01365,Miraya Arya,M,25,Hyderabad,2025-11-01
C01366,Pranay Mann,M,32,Mumbai,2024-02-03
C01367,Mohanlal Aurora,Other,33,Ahmedabad,2025-10-07
C01368,Amani Varghese,F,29,Mumbai,2024-10-11
C01369,Anika Apte,M,21,Ahmedabad,2024-12-07
C01370,Jayant Dhar,F,28,Delhi,2024-08-11
C01371,Kiaan Kamdar,F,22,Chennai,2023-11-23
C01372,Yakshit Lal,M,29,Delhi,2025-09-05
C01373,Aayush Kunda,Other,37,Kolkata,2024-10-22
C01374,Yashvi Bajaj,F,18,Delhi,2023-12-18
C01375,Zeeshan Varughese,M,38,Ahmedabad,2025-09-14
C01376,Prisha Dara,F,18,Ahmedabad,2023-11-25
C01377,Kiaan Goyal,M,20,Ahmedabad,2025-04-17
C01378,Yuvraj  Krish,F,50,Pune,2023-11-12
C01379,Navya Kota,M,25,Ahmedabad,2025-01-21
C01380,Shanaya Sehgal,Other,37,Hyderabad,2025-02-21
C01381,Farhan Bansal,M,41,Kolkata,2024-03-07
C01382,Aarna Tripathi,F,38,Hyderabad,2024-11-08
C01383,Vanya Rege,Other,18,Hyderabad,2023-12-31
C01384,Eva Banik,M,27,Chennai,2024-09-29
C01385,Mahika Thakkar,Other,22,Delhi,2025-09-24
C01386,Kiara Rajan,Other,32,Ahmedabad,2025-01-29
C01387,Armaan Lall,F,24,Pune,2024-04-24
C01388,Siya Hora,M,39,Delhi,2025-05-03
C01389,Tejas Bhatnagar,F,34,Pune,2025-01-27
C01390,Jayan Chanda,Other,25,Ahmedabad,2025-11-01
C01391,Misha Kumar,Other,29,Pune,2025-01-11
C01392,Indrajit Ganesan,Other,33,Ahmedabad,2025-02-18
C01393,Pranay Arora,M,29,Bangalore,2024-07-06
C01394,Badal Wali,Other,22,Delhi,2025-06-25
C01395,Kismat Kaur,M,27,Pune,2024-06-30
C01396,Hazel Suri,F,25,Chennai,2024-01-19
C01397,Anaya Raja,Other,18,Pune,2024-10-07
C01398,Seher Goyal,Other,36,Bangalore,2024-02-05
C01399,Manjari Choudhry,M,24,Mumbai,2023-11-17
C01400,Lakshay Mangat,F,25,Mumbai,2024-01-22
C01401,Neysa Grover,Other,35,Kolkata,2024-07-12
C01402,Kimaya Edwin,M,31,Chennai,2025-04-17
C01403,Pranay Kumer,Other,27,Delhi,2025-01-21
C01404,Nishith Bahl,M,31,Bangalore,2024-01-09
C01405,Alia Shenoy,F,25,Delhi,2025-03-26
C01406,Mohanlal Deep,F,21,Delhi,2024-12-12
C01407,Navya Jaggi,Other,27,Pune,2024-03-12
C01408,Tejas Rajagopal,M,26,Kolkata,2024-08-14
C01409,Samar Yogi,M,23,Bangalore,2024-04-21
C01410,Nakul Ravi,F,18,Ahmedabad,2025-05-20
C01411,Sahil Sandhu,Other,29,Mumbai,2025-10-21
C01412,Ranbir Chada,F,18,Hyderabad,2024-03-29
C01413,Samarth Swamy,Other,29,Hyderabad,2024-07-18
C01414,Ranbir Gandhi,Other,26,Kolkata,2024-09-05
C01415,Mamooty Bala,Other,28,Ahmedabad,2024-04-15
C01416,Nitya Sahota,Other,30,Mumbai,2024-10-13
C01417,Nayantara Kara,Other,35,Mumbai,2025-06-16
C01418,Piya Gokhale,Other,24,Mumbai,2025-08-13
C01419,Shray Upadhyay,M,26,Kolkata,2025-04-18
C01420,Hunar Gaba,Other,30,Pune,2025-08-30
C01421,Navya Tailor,Other,21,Kolkata,2025-10-03
C01422,Dhanuk Uppal,F,22,Delhi,2024-06-02
C01423,Rhea Lad,F,32,Kolkata,2025-09-28
C01424,Yuvraj  Joshi,F,27,Chennai,2025-06-09
C01425,Yasmin Cheema,F,21,Mumbai,2025-04-09
C01426,Neelofar Lala,M,18,Kolkata,2025-08-14
C01427,Dhanush Chatterjee,Other,28,Chennai,2025-10-08
C01428,Prisha Venkataraman,Other,33,Pune,2025-02-01
C01429,Divij Kamdar,Other,35,Delhi,2024-04-19
C01430,Adah Sem,M,18,Delhi,2024-10-26
C01431,Vanya Lata,Other,33,Chennai,2025-03-04
C01432,Divyansh Yogi,Other,21,Pune,2024-10-07
C01433,Manjari Tak,Other,43,Mumbai,2023-12-09
C01434,Dhanush Chada,Other,27,Mumbai,2025-04-30
C01435,Aniruddh Ramanathan,Other,20,Pune,2024-03-24
C01436,Neelofar Barad,Other,32,Bangalore,2024-01-19
C01437,Zoya Dave,F,29,Ahmedabad,2024-04-05
C01438,Kimaya Sharma,Other,35,Kolkata,2024-10-11
C01439,Reyansh Dewan,Other,31,Chennai,2024-02-04
C01440,Badal Rajan,F,43,Hyderabad,2025-09-24
C01441,Khushi Badami,Other,26,Bangalore,2023-11-30
C01442,Divyansh Sibal,M,36,Kolkata,2024-03-04
C01443,Tiya Ramesh,M,24,Hyderabad,2024-01-30
C01444,Jivika Gill,Other,31,Hyderabad,2025-06-03
C01445,Amira Kadakia,M,26,Chennai,2025-07-18
C01446,Myra Deo,M,38,Chennai,2024-11-30
C01447,Ritvik Dash,Other,37,Chennai,2024-09-28
C01448,Misha Dass,M,34,Hyderabad,2025-04-20
C01449,Devansh Bhargava,Other,32,Chennai,2023-12-22
C01450,Prisha Barad,M,35,Hyderabad,2023-12-20
C01451,Bhavin Comar,F,37,Ahmedabad,2025-01-11
C01452,Sara Swamy,M,30,Delhi,2024-11-01
C01453,Yasmin Suri,Other,34,Kolkata,2024-05-24
C01454,Rasha Sagar,M,42,Chennai,2025-09-21
C01455,Kimaya Amble,Other,28,Hyderabad,2023-12-15
C01456,Seher Lanka,F,32,Kolkata,2025-06-24
C01457,Nitya Ganesh,F,26,Pune,2024-06-13
C01458,Ira Kanda,Other,40,Hyderabad,2025-05-13
C01459,Alisha Boase,M,28,Chennai,2024-10-21
C01460,Nakul Ram,M,34,Ahmedabad,2025-05-03
C01461,Onkar Banerjee,M,46,Pune,2024-04-03
C01462,Amani Ben,Other,38,Delhi,2024-09-19
C01463,Jivika Vala,Other,28,Delhi,2025-08-23
C01464,Kashvi Choudhry,F,36,Ahmedabad,2025-03-19
C01465,Anvi Dani,M,33,Bangalore,2024-01-18
C01466,Jhanvi Bakshi,M,18,Mumbai,2024-07-10
C01467,Mamooty Gandhi,Other,20,Bangalore,2024-09-03
C01468,Kiara Tank,F,27,Hyderabad,2024-06-21
C01469,Kashvi Sethi,F,32,Chennai,2025-04-08
C01470,Kiaan Sule,Other,25,Chennai,2025-06-01
C01471,Hansh Bhatia,M,30,Mumbai,2024-09-25
C01472,Sahil Kurian,Other,25,Chennai,2024-06-16
C01473,Tushar Lalla,M,22,Pune,2024-11-12
C01474,Vaibhav Kunda,F,26,Mumbai,2025-09-18
C01475,Shayak Saha,M,32,Mumbai,2025-05-01
C01476,Mahika Mani,F,33,Hyderabad,2024-10-06
C01477,Shanaya Upadhyay,Other,27,Chennai,2024-11-01
C01478,Divij Dayal,F,41,Pune,2025-07-05
C01479,Kartik Mane,M,24,Pune,2024-10-23
C01480,Darshit Andra,Other,32,Delhi,2024-03-28
C01481,Krish Amble,M,26,Bangalore,2025-03-09
C01482,Nirvi Sama,Other,23,Mumbai,2025-03-18
C01483,Sara Bir,F,22,Kolkata,2024-01-26
C01484,Shayak Dhillon,M,29,Pune,2024-11-02
C01485,Divij Kadakia,M,18,Delhi,2024-03-05
C01486,Gatik Shanker,Other,33,Pune,2025-04-06
C01487,Samaira Chhabra,F,33,Pune,2024-11-18
C01488,Divit Badami,F,35,Delhi,2024-07-07
C01489,Tiya Venkataraman,Other,43,Ahmedabad,2024-11-08
C01490,Mamooty Sachar,Other,32,Hyderabad,2024-04-30
C01491,Alisha Venkatesh,M,21,Pune,2024-10-16
C01492,Biju Bains,F,26,Delhi,2024-01-26
C01493,Nitya Batra,Other,30,Delhi,2024-08-31
C01494,Yashvi Sridhar,M,28,Pune,2025-03-29
C01495,Neysa Lall,F,22,Bangalore,2025-10-05
C01496,Anvi Dara,F,24,Chennai,2024-05-01
C01497,Misha Bahri,Other,33,Chennai,2025-06-19
C01498,Pihu Jain,M,35,Pune,2025-01-28
C01499,Aarna Dara,Other,26,Ahmedabad,2024-09-19
C01500,Taimur Bassi,F,31,Hyderabad,2024-07-08
C01501,Zara Brar,F,18,Delhi,2025-05-23
C01502,Aniruddh Gulati,F,21,Bangalore,2023-12-20
C01503,Samarth Hayre,M,29,Mumbai,2024-05-18
C01504,Rohan Dutta,Other,19,Hyderabad,2024-03-19
C01505,Ira Ghose,Other,31,Bangalore,2024-04-17
C01506,Riaan Devi,M,18,Delhi,2025-04-10
C01507,Amira Dar,Other,39,Kolkata,2023-12-17
C01508,Ira Mangal,M,40,Delhi,2025-01-24
C01509,Manjari Goda,Other,41,Kolkata,2024-11-04
C01510,Tushar Kade,Other,22,Bangalore,2025-02-13
C01511,Akarsh Shankar,Other,36,Mumbai,2025-11-01
C01512,Madhav Mann,M,25,Ahmedabad,2024-04-07
C01513,Tanya Majumdar,Other,18,Pune,2024-02-20
C01514,Pranay Rajagopal,M,23,Bangalore,2025-06-13
C01515,Tarini Kapadia,M,37,Hyderabad,2023-11-29
C01516,Shayak Dugar,M,32,Chennai,2025-03-27
C01517,Amira Raju,Other,25,Bangalore,2025-07-06
C01518,Amira Subramaniam,Other,28,Delhi,2024-09-29
C01519,Zaina Keer,F,25,Kolkata,2025-03-27
C01520,Rasha Balakrishnan,F,28,Ahmedabad,2024-06-18
C01521,Tiya Sarkar,Other,40,Kolkata,2024-08-20
C01522,Ira Khare,F,26,Pune,2023-11-12
C01523,Kismat Sura,M,44,Kolkata,2024-07-11
C01524,Kanav Madan,Other,21,Bangalore,2025-04-02
C01525,Lagan Babu,Other,34,Hyderabad,2024-10-03
C01526,Tejas Vyas,Other,37,Bangalore,2024-12-13
C01527,Kanav Zacharia,Other,19,Hyderabad,2024-03-26
C01528,Zain Ram,Other,32,Bangalore,2024-10-09
C01529,Sumer Barad,F,19,Bangalore,2024-10-19
C01530,Kartik Mann,F,44,Chennai,2024-08-17
C01531,Pihu Ravi,Other,40,Bangalore,2024-08-01
C01532,Saksham Sibal,F,35,Ahmedabad,2023-11-09
C01533,Stuvan Chandra,F,30,Kolkata,2024-10-15
C01534,Dharmajan Din,Other,25,Hyderabad,2025-02-07
C01535,Jivin Subramaniam,F,24,Mumbai,2024-02-17
C01536,Divyansh Raju,Other,41,Delhi,2024-07-13
C01537,Shlok Vyas,M,31,Kolkata,2025-10-17
C01538,Aaina Golla,Other,40,Chennai,2025-06-14
C01539,Adah Sahni,Other,40,Mumbai,2025-02-04
C01540,Drishya Ghosh,F,29,Pune,2025-02-01
C01541,Pranay Rout,M,28,Mumbai,2025-03-27
C01542,Mehul Agarwal,M,27,Hyderabad,2024-06-22
C01543,Raghav Vasa,M,23,Kolkata,2023-11-25
C01544,Alisha Hayre,Other,29,Bangalore,2025-03-29
C01545,Raunak Atwal,F,29,Delhi,2024-01-21
C01546,Advika Seshadri,Other,35,Pune,2024-10-06
C01547,Kiaan Chauhan,M,29,Kolkata,2024-10-26
C01548,Zeeshan Deshmukh,Other,36,Mumbai,2025-07-21
C01549,Ojas Dara,M,34,Mumbai,2024-07-10
C01550,Kimaya Luthra,M,35,Chennai,2024-07-12
C01551,Jivika Acharya,M,31,Bangalore,2025-07-10
C01552,Kashvi Saran,M,33,Hyderabad,2025-02-10
C01553,Tara Saxena,Other,31,Ahmedabad,2025-09-28
C01554,Faiyaz Dixit,Other,18,Bangalore,2025-05-30
C01555,Romil Solanki,F,26,Bangalore,2024-04-19
C01556,Uthkarsh Basu,F,22,Bangalore,2025-06-19
C01557,Navya Krishnan,M,42,Ahmedabad,2024-10-17
C01558,Mohanlal Jaggi,F,37,Pune,2025-01-31
C01559,Ela Gera,M,31,Delhi,2025-08-15
C01560,Piya Brahmbhatt,M,33,Chennai,2024-05-26
C01561,Dhanuk Suresh,Other,41,Bangalore,2025-07-11
C01562,Sara Sur,M,25,Pune,2024-06-17
C01563,Aarna Karnik,F,39,Ahmedabad,2025-06-09
C01564,Heer Bhargava,F,44,Chennai,2024-11-18
C01565,Manjari Ganesh,Other,30,Mumbai,2023-12-01
C01566,Zaina Shankar,Other,23,Pune,2024-10-09
C01567,Advika Kale,F,28,Kolkata,2025-02-17
C01568,Jayesh Dugar,M,38,Hyderabad,2024-05-09
C01569,Reyansh Venkataraman,F,34,Delhi,2024-07-25
C01570,Sumer Gade,M,32,Kolkata,2024-12-08
C01571,Aarush Salvi,F,23,Pune,2025-06-23
C01572,Kashvi Kumer,M,30,Pune,2025-06-14
C01573,Vidur Handa,F,32,Ahmedabad,2024-08-18
C01574,Aaina Mammen,F,26,Pune,2025-02-16
C01575,Damini Doctor,F,26,Ahmedabad,2025-06-22
C01576,Tushar Magar,Other,36,Bangalore,2024-05-12
C01577,Akarsh Chaudry,M,34,Bangalore,2024-11-08
C01578,Vidur Srinivas,F,30,Mumbai,2024-09-04
C01579,Oorja Raman,Other,28,Delhi,2024-08-22
C01580,Vihaan Dara,F,29,Bangalore,2025-03-11
C01581,Reyansh Bandi,Other,38,Bangalore,2023-12-18
C01582,Divyansh Lala,M,34,Hyderabad,2024-11-09
C01583,Diya Banik,Other,31,Kolkata,2025-01-02
C01584,Misha Sidhu,Other,43,Delhi,2024-06-08
C01585,Ishita Chandra,M,24,Chennai,2024-12-03
C01586,Fateh Sarkar,Other,20,Ahmedabad,2024-09-27
C01587,Rasha Sarin,Other,18,Mumbai,2025-06-30
C01588,Pranay Bhatnagar,F,34,Kolkata,2024-09-09
C01589,Eshani Chana,M,42,Chennai,2024-03-10
C01590,Charvi Badal,M,41,Ahmedabad,2025-10-24
C01591,Manikya Gola,Other,25,Bangalore,2024-05-17
C01592,Raunak Barad,F,23,Pune,2025-03-03
C01593,Keya Dasgupta,Other,18,Hyderabad,2025-05-10
C01594,Saksham Rama,Other,24,Delhi,2024-08-31
C01595,Raghav Chaudhary,Other,21,Mumbai,2024-08-27
C01596,Emir Jhaveri,Other,40,Mumbai,2024-02-04
C01597,Shayak Mandal,F,31,Mumbai,2023-12-06
C01598,Umang Ranganathan,M,30,Mumbai,2025-11-06
C01599,Kaira Wadhwa,Other,24,Ahmedabad,2024-06-18
C01600,Rhea Dey,F,19,Hyderabad,2024-07-27
C01601,Kartik Kibe,M,19,Ahmedabad,2024-10-19
C01602,Damini Rajan,M,21,Bangalore,2023-12-14
C01603,Saira Basu,F,36,Pune,2025-07-27
C01604,Nakul Chaudhary,M,18,Hyderabad,2023-11-30
C01605,Jayant Karnik,Other,34,Delhi,2025-10-26
C01606,Anika Ramanathan,Other,54,Pune,2023-11-21
C01607,Sumer Sachar,F,26,Ahmedabad,2025-10-08
C01608,Divij Mannan,F,32,Hyderabad,2025-04-09
C01609,Shayak Lall,M,30,Pune,2024-07-07
C01610,Hunar Bobal,M,19,Chennai,2025-01-06
C01611,Ira Dutta,Other,21,Chennai,2024-07-06
C01612,Jayan Sinha,Other,26,Mumbai,2025-02-06
C01613,Samiha Deshmukh,F,29,Kolkata,2024-03-25
C01614,Divyansh Joshi,F,45,Bangalore,2024-04-02
C01615,Charvi Chandra,Other,24,Chennai,2025-09-20
C01616,Indrajit Kumar,F,23,Delhi,2024-12-13
C01617,Rohan Yadav,Other,22,Kolkata,2024-02-22
C01618,Reyansh Kapoor,F,39,Pune,2023-11-16
C01619,Samiha Walla,F,25,Ahmedabad,2024-04-22
C01620,Lavanya Sengupta,Other,43,Hyderabad,2024-01-27
C01621,Yuvaan Suresh,Other,32,Mumbai,2023-12-24
C01622,Tejas Baria,F,42,Mumbai,2024-10-14
C01623,Piya Sarin,M,30,Bangalore,2024-01-31
C01624,Vritika Gara,Other,28,Chennai,2024-02-06
C01625,Raghav Kale,M,31,Mumbai,2025-10-17
C01626,Tiya Guha,M,40,Mumbai,2024-12-01
C01627,Jayant Shenoy,F,32,Bangalore,2025-06-29
C01628,Stuvan Chada,Other,34,Delhi,2024-12-30
C01629,Sumer Borde,F,30,Pune,2024-02-09
C01630,Hansh Ben,Other,28,Bangalore,2024-06-28
C01631,Ira Kapur,F,34,Ahmedabad,2025-02-22
C01632,Fateh Swamy,F,31,Delhi,2024-07-07
C01633,Mohanlal Dora,Other,31,Mumbai,2025-10-15
C01634,Yasmin Thakur,Other,20,Kolkata,2025-09-21
C01635,Shray Dave,M,25,Delhi,2025-02-11
C01636,Madhup Dasgupta,M,30,Mumbai,2024-04-26
C01637,Renee Golla,Other,19,Mumbai,2025-08-04
C01638,Shayak Mannan,M,35,Hyderabad,2025-07-06
C01639,Anvi Kamdar,Other,20,Mumbai,2024-12-05
C01640,Adah Chaudhary,M,23,Mumbai,2025-07-28
C01641,Miraya Bhatt,F,32,Mumbai,2025-06-21
C01642,Uthkarsh Saini,Other,19,Kolkata,2025-04-15
C01643,Lakshit Saini,Other,35,Hyderabad,2024-09-12
C01644,Bhavin Bath,Other,20,Chennai,2024-12-20
C01645,Zain Bahri,M,33,Delhi,2025-02-02
C01646,Zeeshan Kant,F,26,Ahmedabad,2024-05-01
C01647,Tejas Raju,F,31,Mumbai,2025-03-29
C01648,Kanav Chakrabarti,M,28,Kolkata,2024-09-19
C01649,Zaina Varty,Other,23,Mumbai,2025-04-19
C01650,Myra Sunder,Other,18,Mumbai,2025-09-06
C01651,Shalv Sharaf,Other,20,Chennai,2024-09-22
C01652,Prisha Sarna,M,18,Pune,2025-10-09
C01653,Arnav Kapoor,F,25,Bangalore,2024-01-02
C01654,Mahika Thakur,M,35,Kolkata,2025-04-02
C01655,Indranil Walia,F,42,Mumbai,2025-06-28
C01656,Kashvi Badal,M,39,Hyderabad,2025-08-06
C01657,Ehsaan Dara,M,36,Kolkata,2024-05-24
C01658,Anya Kapur,M,42,Bangalore,2025-09-17
C01659,Indrans Sagar,M,39,Ahmedabad,2024-02-08
C01660,Miraya Deol,Other,44,Hyderabad,2025-10-10
C01661,Dhanush Rastogi,Other,31,Bangalore,2024-12-14
C01662,Zeeshan Chowdhury,M,34,Ahmedabad,2024-01-31
C01663,Devansh Chaudry,Other,19,Mumbai,2024-06-24
C01664,Manikya Chakrabarti,Other,19,Hyderabad,2025-11-01
C01665,Nirvi Mallick,Other,36,Kolkata,2024-09-24
C01666,Vanya Krish,Other,21,Kolkata,2024-05-05
C01667,Umang Bhalla,F,30,Hyderabad,2025-03-31
C01668,Hansh Mane,Other,44,Kolkata,2024-06-30
C01669,Madhav Rout,M,29,Ahmedabad,2024-04-09
C01670,Mishti Gill,F,34,Pune,2024-06-13
C01671,Alia Dara,Other,27,Bangalore,2025-05-06
C01672,Piya Bala,F,37,Mumbai,2024-07-31
C01673,Ranbir Saha,F,35,Ahmedabad,2024-07-20
C01674,Kashvi Lad,M,35,Bangalore,2025-08-05
C01675,Manjari Batra,F,36,Kolkata,2025-02-14
C01676,Prerak Lanka,F,26,Delhi,2025-07-29
C01677,Indrajit Manne,M,50,Hyderabad,2024-12-10
C01678,Mamooty Sodhi,Other,28,Bangalore,2025-08-23
C01679,Khushi Rama,Other,28,Hyderabad,2025-05-04
C01680,Hiran Raju,F,23,Delhi,2024-09-26
C01681,Hrishita Badal,Other,30,Pune,2025-01-11
C01682,Yuvaan Sandal,F,31,Pune,2025-05-25
C01683,Jhanvi Sani,M,28,Mumbai,2025-05-15
C01684,Pari Sarna,F,40,Chennai,2025-08-26
C01685,Azad Rama,F,32,Kolkata,2025-10-23
C01686,Divit Desai,Other,37,Pune,2023-11-20
C01687,Lavanya Yohannan,Other,18,Chennai,2025-03-02
C01688,Taimur Mand,Other,28,Kolkata,2025-03-08
C01689,Nayantara Kannan,M,34,Kolkata,2025-02-27
C01690,Charvi Char,Other,21,Ahmedabad,2024-11-09
C01691,Kimaya Kannan,M,22,Pune,2025-09-27
C01692,Advik Doctor,Other,29,Ahmedabad,2024-11-10
C01693,Keya Yohannan,F,29,Chennai,2024-12-03
C01694,Himmat Atwal,Other,25,Pune,2025-11-04
C01695,Vaibhav Bhat,Other,28,Kolkata,2025-08-14
C01696,Zain Chakrabarti,Other,37,Mumbai,2024-11-22
C01697,Nakul Desai,Other,26,Bangalore,2023-12-12
C01698,Tejas Tripathi,Other,19,Delhi,2025-01-24
C01699,Badal Bhandari,F,29,Mumbai,2025-03-16
C01700,Ishaan Wadhwa,M,26,Delhi,2024-10-26
C01701,Lakshit Bora,Other,38,Kolkata,2025-09-28
C01702,Manjari Borra,F,42,Hyderabad,2024-10-16
C01703,Shanaya Barad,M,21,Kolkata,2024-04-09
C01704,Jayant Babu,Other,33,Hyderabad,2024-01-05
C01705,Romil Tandon,M,18,Mumbai,2024-12-20
C01706,Alisha Trivedi,F,35,Kolkata,2024-05-09
C01707,Taran Balan,M,33,Bangalore,2024-08-29
C01708,Anahita Koshy,F,30,Delhi,2024-07-31
C01709,Gatik Mangat,F,29,Bangalore,2024-12-05
C01710,Ayesha Randhawa,Other,22,Hyderabad,2024-06-02
C01711,Azad Chaudhuri,Other,23,Kolkata,2025-02-09
C01712,Onkar Hayre,F,22,Chennai,2025-06-16
C01713,Ojas Dara,Other,31,Hyderabad,2025-02-26
C01714,Manikya Dhingra,M,18,Ahmedabad,2024-06-26
C01715,Veer Chokshi,F,18,Hyderabad,2024-01-07
C01716,Riya Dar,M,41,Chennai,2024-06-20
C01717,Jivika Ratta,M,31,Hyderabad,2024-12-24
C01718,Purab Balasubramanian,Other,18,Delhi,2024-11-15
C01719,Yasmin Barad,Other,37,Mumbai,2025-03-26
C01720,Amira Gulati,Other,23,Hyderabad,2025-06-13
C01721,Trisha Agrawal,F,24,Delhi,2025-01-26
C01722,Yuvraj  Gala,Other,30,Hyderabad,2024-04-26
C01723,Ela Tak,M,19,Bangalore,2023-11-13
C01724,Taimur Kota,F,34,Kolkata,2024-03-17
C01725,Saanvi Lala,F,25,Kolkata,2024-12-21
C01726,Dishani Bava,F,18,Delhi,2024-06-06
C01727,Mannat Sha,Other,32,Hyderabad,2023-12-20
C01728,Shanaya Gara,Other,40,Bangalore,2024-02-11
C01729,Piya Ganesh,M,40,Chennai,2025-04-29
C01730,Darshit Wali,Other,19,Pune,2025-07-06
C01731,Pranay Chopra,F,33,Chennai,2025-06-13
C01732,Amira Shroff,M,26,Delhi,2025-08-20
C01733,Uthkarsh Karan,F,32,Kolkata,2024-04-18
C01734,Shaan Joshi,Other,18,Hyderabad,2024-01-18
C01735,Alia Sarraf,F,24,Mumbai,2025-02-22
C01736,Abram Buch,F,21,Bangalore,2025-08-08
C01737,Neysa Sachar,Other,18,Bangalore,2025-07-15
C01738,Manjari Gill,Other,21,Chennai,2025-04-12
C01739,Uthkarsh Kanda,F,30,Bangalore,2024-11-30
C01740,Samar Viswanathan,Other,19,Chennai,2025-01-30
C01741,Kismat Dhingra,Other,30,Chennai,2024-06-21
C01742,Nishith Kulkarni,Other,35,Ahmedabad,2025-01-15
C01743,Zeeshan Ranganathan,F,39,Ahmedabad,2024-10-30
C01744,Aarna Sundaram,M,43,Pune,2024-08-25
C01745,Tarini Krishnamurthy,F,35,Ahmedabad,2024-12-01
C01746,Mehul Sengupta,Other,20,Hyderabad,2024-09-02
C01747,Ivana Balasubramanian,F,34,Bangalore,2024-07-28
C01748,Chirag Sanghvi,F,37,Bangalore,2025-01-08
C01749,Aniruddh Trivedi,F,22,Delhi,2024-06-13
C01750,Prerak Bhattacharyya,Other,38,Delhi,2023-11-18
C01751,Tara Bail,F,25,Kolkata,2025-02-08
C01752,Keya Dube,F,30,Hyderabad,2024-12-24
C01753,Aarush Ganguly,Other,38,Chennai,2025-07-31
C01754,Aarush Krishna,M,26,Chennai,2024-07-20
C01755,Kavya Kakar,M,27,Kolkata,2025-07-05
C01756,Himmat Mammen,Other,37,Pune,2025-08-13
C01757,Kismat Raj,M,34,Mumbai,2024-12-22
C01758,Abram Borde,F,18,Pune,2024-05-29
C01759,Aradhya Barad,F,18,Delhi,2024-01-02
C01760,Saksham Srivastava,Other,27,Chennai,2024-10-15
C01761,Arhaan Bobal,M,27,Delhi,2024-06-10
C01762,Heer Thakur,F,23,Delhi,2024-10-22
C01763,Kanav Raju,M,46,Delhi,2025-07-29
C01764,Adira Doshi,F,38,Delhi,2025-10-23
C01765,Yashvi Gill,M,18,Delhi,2025-06-03
C01766,Inaaya  Dora,M,38,Pune,2024-03-16
C01767,Zain Sur,M,21,Bangalore,2025-09-05
C01768,Nakul Bakshi,M,28,Bangalore,2024-12-17
C01769,Kiaan Sidhu,Other,18,Ahmedabad,2023-12-12
C01770,Aarna Ram,Other,39,Hyderabad,2024-07-07
C01771,Indranil Agrawal,Other,31,Hyderabad,2024-11-15
C01772,Ehsaan Sule,F,40,Pune,2024-06-04
C01773,Arnav Bhagat,Other,32,Pune,2024-03-27
C01774,Arnav Ravi,F,26,Chennai,2025-05-08
C01775,Rania Ganesan,F,23,Mumbai,2025-05-04
C01776,Prisha Subramanian,Other,18,Chennai,2025-06-02
C01777,Kaira Joshi,F,27,Delhi,2025-06-16
C01778,Samar Batra,Other,31,Mumbai,2025-08-04
C01779,Aarav Yogi,M,18,Kolkata,2025-10-12
C01780,Oorja Sinha,F,36,Hyderabad,2024-06-25
C01781,Nirvi Varma,Other,30,Pune,2025-04-26
C01782,Urvi Cheema,F,27,Mumbai,2024-06-19
C01783,Sana Dayal,F,21,Bangalore,2025-10-22
C01784,Ela Thakur,Other,20,Ahmedabad,2024-05-11
C01785,Nirvaan Kaul,F,28,Hyderabad,2023-11-21
C01786,Myra Balasubramanian,M,28,Delhi,2023-12-09
C01787,Kaira D’Alia,F,18,Bangalore,2025-04-09
C01788,Kabir Sodhi,F,48,Pune,2024-03-10
C01789,Nakul Sandhu,Other,21,Chennai,2025-02-16
C01790,Anaya Chokshi,M,39,Chennai,2025-09-11
C01791,Divyansh Kota,M,26,Chennai,2025-05-30
C01792,Seher Bala,F,34,Pune,2025-02-12
C01793,Misha Krishna,F,27,Mumbai,2024-05-18
C01794,Dhanuk Sachdeva,F,26,Kolkata,2025-05-27
C01795,Inaaya  Barad,M,30,Kolkata,2024-04-30
C01796,Nishith Ratti,Other,25,Pune,2024-11-24
C01797,Biju Dar,F,38,Kolkata,2024-06-19
C01798,Jayan Randhawa,F,18,Ahmedabad,2024-09-02
C01799,Armaan Dara,M,28,Mumbai,2025-02-21
C01800,Samaira Chatterjee,Other,23,Delhi,2023-11-15
C01801,Samarth Vaidya,M,35,Chennai,2025-08-16
C01802,Ivana Bose,M,18,Kolkata,2023-11-11
C01803,Keya Tailor,F,39,Delhi,2025-03-15
C01804,Divij Chaudhry,M,21,Mumbai,2024-09-13
C01805,Misha Kamdar,F,34,Hyderabad,2025-06-10
C01806,Ritvik Dhillon,M,18,Kolkata,2024-03-13
C01807,Shamik Suresh,F,25,Mumbai,2025-06-16
C01808,Gokul Chatterjee,Other,25,Pune,2024-11-30
C01809,Mehul Dhar,F,30,Chennai,2025-01-15
C01810,Arnav Divan,F,33,Hyderabad,2024-11-11
C01811,Shalv Rastogi,F,47,Bangalore,2024-05-21
C01812,Jayant Kulkarni,Other,25,Mumbai,2025-09-09
C01813,Zaina Bhakta,M,34,Delhi,2025-03-24
C01814,Aradhya Ahuja,F,25,Ahmedabad,2025-05-03
C01815,Hunar Sankaran,Other,32,Bangalore,2024-12-18
C01816,Suhana Kannan,F,18,Pune,2024-05-05
C01817,Nayantara Wagle,F,31,Pune,2024-06-29
C01818,Aaryahi Chauhan,F,21,Chennai,2024-10-06
C01819,Zoya Ratta,F,18,Hyderabad,2024-03-30
C01820,Divij Kamdar,F,28,Bangalore,2024-12-26
C01821,Samaira Bala,F,30,Delhi,2024-04-24
C01822,Saksham Sathe,Other,27,Mumbai,2024-08-05
C01823,Uthkarsh Balasubramanian,F,33,Pune,2024-07-07
C01824,Kiaan Srinivas,F,44,Ahmedabad,2024-09-24
C01825,Ela Setty,Other,22,Ahmedabad,2025-09-30
C01826,Shamik Lall,M,36,Kolkata,2024-11-07
C01827,Badal Chaudhari,Other,24,Chennai,2024-01-08
C01828,Hridaan Dash,F,32,Mumbai,2025-09-30
C01829,Taimur Loyal,M,29,Pune,2024-02-05
C01830,Dharmajan Sami,F,42,Kolkata,2025-02-10
C01831,Miraya Kanda,M,29,Bangalore,2024-02-03
C01832,Shanaya Kapadia,M,29,Pune,2023-11-13
C01833,Indranil Chauhan,M,38,Pune,2024-03-14
C01834,Kartik Din,F,33,Chennai,2025-05-25
C01835,Samaira Sant,Other,34,Chennai,2025-01-04
C01836,Jivika Bhatt,Other,40,Kolkata,2024-03-20
C01837,Elakshi Khatri,F,31,Ahmedabad,2023-12-20
C01838,Ehsaan Thaman,F,42,Ahmedabad,2025-09-28
C01839,Nehmat Comar,F,18,Mumbai,2025-03-10
C01840,Anvi Dixit,M,28,Hyderabad,2025-05-14
C01841,Yashvi Chacko,M,29,Delhi,2025-09-17
C01842,Zoya Koshy,Other,23,Chennai,2024-12-25
C01843,Mohanlal Aggarwal,Other,35,Bangalore,2024-08-31
C01844,Dhruv Seth,M,31,Mumbai,2025-09-19
C01845,Miraan Krishnan,F,18,Bangalore,2025-05-29
C01846,Manikya Lad,M,39,Bangalore,2025-03-04
C01847,Pari Som,F,38,Hyderabad,2024-06-07
C01848,Anvi Aurora,M,31,Kolkata,2023-12-19
C01849,Bhamini Jha,Other,32,Bangalore,2024-04-29
C01850,Hunar Sharma,M,20,Chennai,2024-07-24
C01851,Shray Sodhi,Other,22,Mumbai,2023-12-31
C01852,Myra Sinha,M,18,Kolkata,2025-09-28
C01853,Samiha Dhillon,F,24,Delhi,2024-05-17
C01854,Ranbir Kamdar,M,29,Chennai,2025-06-12
C01855,Shaan Soman,F,34,Mumbai,2025-09-07
C01856,Taimur Khanna,M,19,Mumbai,2024-04-01
C01857,Emir Chahal,M,37,Hyderabad,2024-08-14
C01858,Purab Manne,Other,30,Pune,2025-05-08
C01859,Jivin Ram,F,38,Ahmedabad,2024-01-29
C01860,Reyansh Varty,F,36,Chennai,2025-01-21
C01861,Ojas Ahuja,Other,31,Ahmedabad,2024-04-01
C01862,Lavanya Ray,M,32,Mumbai,2024-11-23
C01863,Dharmajan Saran,Other,24,Ahmedabad,2024-10-24
C01864,Zain Sabharwal,Other,29,Kolkata,2024-10-05
C01865,Rasha Agrawal,Other,31,Chennai,2024-01-13
C01866,Urvi Johal,F,36,Ahmedabad,2025-09-11
C01867,Eva Rama,Other,30,Delhi,2025-07-24
C01868,Mannat Devi,M,46,Ahmedabad,2024-03-22
C01869,Raghav Chaudhary,F,30,Pune,2024-06-04
C01870,Rania Edwin,F,18,Chennai,2025-02-12
C01871,Ira Kibe,M,26,Chennai,2025-03-25
C01872,Lakshay Dyal,M,22,Hyderabad,2025-03-04
C01873,Trisha Virk,Other,27,Mumbai,2024-01-17
C01874,Lakshit Saini,F,20,Chennai,2024-11-23
C01875,Parinaaz Sane,F,18,Hyderabad,2025-10-24
C01876,Devansh Sandal,Other,23,Ahmedabad,2024-06-12
C01877,Mehul Grover,F,33,Chennai,2025-05-03
C01878,Samaira Bajaj,M,34,Kolkata,2025-07-15
C01879,Dishani Swaminathan,F,23,Delhi,2025-04-08
C01880,Mahika Bumb,M,35,Pune,2025-01-12
C01881,Nehmat Sanghvi,M,25,Kolkata,2023-11-18
C01882,Samar Manda,Other,24,Kolkata,2024-03-13
C01883,Mishti Bhargava,F,26,Delhi,2025-01-20
C01884,Ryan Lala,M,18,Kolkata,2024-02-27
C01885,Tara Butala,F,27,Delhi,2025-08-24
C01886,Elakshi Brar,F,18,Bangalore,2025-05-20
C01887,Ojas Issac,F,25,Delhi,2025-08-28
C01888,Dhruv Koshy,Other,23,Chennai,2024-11-11
C01889,Pari Hans,F,37,Chennai,2024-10-09
C01890,Sumer Magar,F,22,Delhi,2025-08-13
C01891,Pari Sengupta,M,47,Mumbai,2024-11-27
C01892,Vaibhav Chandra,M,23,Chennai,2025-06-22
C01893,Vritika Vig,M,25,Ahmedabad,2024-06-30
C01894,Alia Rout,Other,31,Ahmedabad,2024-06-02
C01895,Rati Chanda,F,24,Ahmedabad,2025-05-28
C01896,Ehsaan Kalla,M,37,Pune,2023-11-21
C01897,Khushi Ahluwalia,M,18,Mumbai,2023-11-09
C01898,Indrans Bera,M,31,Hyderabad,2024-02-01
C01899,Samaira Shetty,M,24,Bangalore,2024-04-10
C01900,Damini Tak,F,35,Chennai,2023-12-08
C01901,Taran Karan,M,29,Ahmedabad,2025-08-30
C01902,Nitya Ben,Other,33,Hyderabad,2025-06-05
C01903,Aayush Kala,M,37,Bangalore,2024-07-19
C01904,Arnav Shenoy,M,40,Hyderabad,2025-10-04
C01905,Eva Lata,F,32,Delhi,2024-03-17
C01906,Saanvi Chad,F,43,Kolkata,2025-09-19
C01907,Heer Doctor,F,20,Ahmedabad,2024-08-31
C01908,Dhanuk Kumer,F,26,Ahmedabad,2023-12-10
C01909,Saksham Barad,Other,24,Hyderabad,2025-03-16
C01910,Ritvik Butala,F,30,Bangalore,2025-10-12
C01911,Gokul Chanda,M,31,Hyderabad,2025-02-16
C01912,Ishita Solanki,F,25,Kolkata,2024-04-15
C01913,Keya Kashyap,M,38,Ahmedabad,2025-03-19
C01914,Dhanuk Bhatti,M,18,Delhi,2024-08-08
C01915,Shlok Verma,F,38,Kolkata,2024-07-30
C01916,Siya Lal,M,24,Bangalore,2023-11-11
C01917,Samarth Mane,Other,33,Delhi,2024-01-02
C01918,Ryan Kunda,F,19,Ahmedabad,2024-09-25
C01919,Kismat Doctor,M,31,Hyderabad,2024-10-14
C01920,Nirvaan Koshy,M,31,Ahmedabad,2024-11-18
C01921,Jayant Gour,Other,37,Bangalore,2024-07-04
C01922,Vivaan Kar,Other,37,Delhi,2025-08-14
C01923,Yashvi Varkey,F,18,Kolkata,2025-03-10
C01924,Lavanya Dube,Other,29,Chennai,2025-02-23
C01925,Madhav Manda,F,36,Mumbai,2025-02-03
C01926,Madhup Kara,Other,24,Hyderabad,2023-12-30
C01927,Himmat Bhatt,Other,18,Bangalore,2024-10-10
C01928,Shayak Choudhary,F,30,Ahmedabad,2025-10-15
C01929,Aniruddh Dutta,Other,18,Chennai,2025-03-01
C01930,Darshit Thaman,M,24,Pune,2024-08-12
C01931,Renee Sankar,M,22,Delhi,2024-11-09
C01932,Samar Maharaj,M,27,Delhi,2023-11-18
C01933,Dhanush Sankar,Other,38,Kolkata,2025-07-22
C01934,Abram Dua,F,34,Hyderabad,2025-06-03
C01935,Piya Dara,M,39,Chennai,2025-08-05
C01936,Sara Kamdar,Other,33,Bangalore,2025-09-30
C01937,Hridaan Salvi,F,30,Delhi,2025-06-16
C01938,Riaan Sarma,M,40,Hyderabad,2023-12-08
C01939,Anika Dash,Other,18,Ahmedabad,2024-03-15
C01940,Jivika Batta,Other,41,Mumbai,2024-05-13
C01941,Hiran Talwar,F,34,Bangalore,2024-05-21
C01942,Divit Gopal,M,37,Mumbai,2025-01-30
C01943,Kartik Karpe,F,25,Bangalore,2024-06-04
C01944,Kaira Hora,Other,23,Pune,2025-03-12
C01945,Samar Kurian,Other,30,Hyderabad,2025-04-18
C01946,Badal Konda,M,20,Pune,2024-06-15
C01947,Nehmat Vig,Other,26,Mumbai,2024-04-09
C01948,Ela Suri,Other,26,Bangalore,2024-02-29
C01949,Hunar Deo,M,26,Ahmedabad,2024-01-24
C01950,Amira Das,M,24,Pune,2024-12-01
C01951,Ehsaan Sawhney,Other,18,Pune,2025-10-13
C01952,Zara Ranganathan,F,33,Delhi,2024-12-11
C01953,Shlok Chaudhuri,M,31,Kolkata,2024-12-29
C01954,Nayantara Contractor,F,20,Mumbai,2025-01-14
C01955,Saksham Bath,F,32,Hyderabad,2024-01-16
C01956,Eva Behl,F,27,Ahmedabad,2024-03-10
C01957,Nirvi Mann,Other,22,Chennai,2024-10-02
C01958,Dhanush Buch,Other,34,Ahmedabad,2024-02-06
C01959,Neelofar Singh,M,29,Mumbai,2024-08-06
C01960,Mamooty Lal,Other,40,Pune,2025-11-03
C01961,Lakshit Char,F,24,Ahmedabad,2024-06-22
C01962,Stuvan Bir,F,33,Mumbai,2025-01-20
C01963,Ranbir Karan,M,42,Mumbai,2025-03-29
C01964,Baiju Gandhi,F,30,Chennai,2024-03-28
C01965,Neelofar Choudhury,F,21,Pune,2024-11-13
C01966,Aarush Rajan,F,25,Hyderabad,2024-11-14
C01967,Parinaaz Bumb,Other,40,Kolkata,2024-09-21
C01968,Pihu Kibe,Other,40,Mumbai,2024-11-03
C01969,Kabir Acharya,M,25,Pune,2025-02-06
C01970,Damini Wali,Other,23,Delhi,2024-10-20
C01971,Ishita Sandal,F,36,Bangalore,2025-02-03
C01972,Riya Soni,Other,23,Kolkata,2024-03-07
C01973,Tushar Gaba,M,30,Ahmedabad,2024-04-04
C01974,Ivan Sem,Other,18,Mumbai,2024-02-23
C01975,Nakul Badal,Other,42,Chennai,2024-06-26
C01976,Eshani Sama,F,31,Kolkata,2025-09-04
C01977,Vanya Rama,Other,26,Pune,2025-06-26
C01978,Reyansh Krishna,M,32,Bangalore,2024-01-10
C01979,Manjari Kota,Other,35,Bangalore,2023-11-25
C01980,Yuvaan Mammen,M,18,Mumbai,2025-10-31
C01981,Eva Mandal,M,23,Hyderabad,2024-10-08
C01982,Kavya Shetty,M,26,Bangalore,2024-04-24
C01983,Navya Ramakrishnan,F,18,Delhi,2025-09-08
C01984,Misha Bhardwaj,M,26,Hyderabad,2024-07-22
C01985,Saksham Dara,Other,26,Kolkata,2024-10-14
C01986,Indrajit Randhawa,Other,23,Ahmedabad,2025-06-08
C01987,Aniruddh Venkatesh,Other,25,Chennai,2023-12-03
C01988,Rohan Agrawal,M,27,Pune,2025-07-31
C01989,Ritvik Bath,M,18,Bangalore,2025-01-05
C01990,Ryan Walla,M,36,Delhi,2024-08-27
C01991,Nayantara Issac,Other,33,Ahmedabad,2024-06-28
C01992,Eva Iyengar,M,26,Ahmedabad,2025-05-15
C01993,Armaan Dugar,Other,29,Hyderabad,2024-01-18
C01994,Ehsaan Singh,F,29,Kolkata,2024-04-30
C01995,Pihu Barman,F,44,Hyderabad,2024-10-30
C01996,Aaina Khalsa,Other,24,Chennai,2025-09-08
C01997,Bhamini Deshpande,Other,32,Hyderabad,2024-09-09
C01998,Charvi Tiwari,Other,18,Bangalore,2025-07-30
C01999,Mishti Rama,F,32,Bangalore,2025-06-10
C02000,Mishti Sahni,M,26,Bangalore,2025-07-09
